Type,District,AGA Division,PS/MC/UC,Lat,Lon
Adathoda,Kandy,Kandy,Kandy Divisional Secretariat,80.625828,7.295044
Adathoda,Colombo,Colombo,Colombo Divisional Secretariat,80.01667,6.86667
Adathoda,Galle,Hikkaduwa,Hikkaduwa Divisional Secretariat,80.223192,6.043279
Adathoda,Colombo,Maharagama,Maharagama Divisional Secretariat,79.9746984,6.812132751
Adathoda,Puttalam,Wennappuwa Pradeshiya Sabha,Wennappuwa Divisional Secretariat,80,8
Adathoda,Colombo,Colombo,Dehiwala Divisional Secretariat,79.866418,6.842919
Adathoda,Gampaha,Kelaniya Pradeshiya Sabha,Kelaniya Divisional Secretariat,79.914926,6.951178
Adathoda,Jaffna,Jaffna,Jaffna Divisional Secretariat,80.00917182,9.664925571
Adathoda,Colombo,Colombo,Thimbirigasyaya Divisional Secretariat,80.01667,6.86667
Adathoda,Gampaha,Gampaha,Gampaha Divisional Secretariat,80,7.13333
Adathoda,Colombo,Kaduwela Pradeshiya Sabha,kaduwela Divisional Secretariat,79.89621755,6.909504175
Adathoda,Colombo,Colombo,Colombo Divisional Secretariat,80.01667,6.86667
Adathoda,Colombo,Colombo,Thimbirigasyaya Divisional Secretariat,80.01667,6.86667
Adathoda,Galle,Bentota Pradeshiya Sabha,Benthota Divisional Secretariat,80.223192,6.043279
Adathoda,Colombo,Maharagama,Maharagama Divisional Secretariat,79.87758977,6.914816955
Adathoda,Colombo,Colombo,Colombo Divisional Secretariat,79.84481997,6.934345537
Adathoda,Gampaha,Gampaha,Gampaha Divisional Secretariat,79.893962,6.971391
Adathoda,Colombo,Kaduwela Pradeshiya Sabha,kaduwela Divisional Secretariat,80.01667,6.86667
Adathoda,Colombo,Colombo,Colombo Divisional Secretariat,80.01667,6.86667
Adathoda,Gampaha,Wattala Pradeshiya Sabha,Wattala Divisional Secretariat,79.883006,6.9889
Adathoda,Colombo,Colombo,Colombo Divisional Secretariat,80.01667,6.86667
Adathoda,Colombo,Kaduwela Pradeshiya Sabha,kaduwela Divisional Secretariat,79.95461888,6.904072342
Adathoda,Colombo,Dehiwala-Mount Lavinia,Dehiwala Divisional Secretariat,79.87489147,6.81773117
Adathoda,Galle,Hikkaduwa,Hikkaduwa Divisional Secretariat,80.223192,6.043279
Adathoda,Colombo,Colombo,Colombo Divisional Secretariat,80.01667,6.86667
Adathoda,Matale,Matale,Matale Divisional Secretariat,80.75,7.66667
Adathoda,Kandy,Kandy,Kandy Divisional Secretariat,80.625828,7.295044
Adathoda,Colombo,Colombo,Colombo Divisional Secretariat,79.89621755,6.909504175
Adathoda,Colombo,Colombo,Colombo Divisional Secretariat,79.880242,6.838232
Adathoda,Puttalam,Negombo,Negombo Divisional Secretariat,80,8
Adathoda,Colombo,Colombo,Colombo Divisional Secretariat,79.866418,6.842919
Adathoda,Colombo,Colombo,Colombo Divisional Secretariat,80.01667,6.86667
Adathoda,Colombo,Colombo,Colombo Divisional Secretariat,80.01667,6.86667
Adathoda,Puttalam,Chilaw Pradeshiya Sabha,Chilaw Divisional Secretariat,79.83367,8.031354
Adathoda,Colombo,Colombo,Colombo Divisional Secretariat,80.01667,6.86667
Adathoda,Colombo,Colombo,Colombo Divisional Secretariat,79.89621755,6.909504175
Adathoda,Colombo,Colombo,Colombo Divisional Secretariat,79.87758977,6.914816955
Adathoda,Colombo,Colombo,Colombo Divisional Secretariat,80.01667,6.86667
Adathoda,Colombo,Colombo,Colombo Divisional Secretariat,80.01667,6.86667
Adathoda,Colombo,Colombo,Colombo Divisional Secretariat,80.01667,6.86667
Adathoda,Colombo,Colombo,Colombo Divisional Secretariat,79.88719208,6.886982359
Adathoda,Colombo,Colombo,Colombo Divisional Secretariat,80.01667,6.86667
Adathoda,Gampaha,Negombo,Negombo Divisional Secretariat,79.843249,7.206416
Adathoda,Colombo,Kolonna Pradeshiya Sabha,Kolonnawa Divisional Secretariat,79.89031426,6.932625418
Adathoda,Gampaha,Katana Pradeshiya Sabha,Katana Divisional Secretariat,79.90781575,7.184492616
Adathoda,Colombo,Colombo,Colombo Divisional Secretariat,80.01667,6.86667
Adathoda,Colombo,Moratuwa,Moratuwa Divisional Secretariat,79.888881,6.790527
Adathoda,Kalutara,Kalutara Pradeshiya Sabha,Kalutara Divisional Secretariat,80.29806,6.25361
Adathoda,Gampaha,Kelaniya Pradeshiya Sabha,Kelaniya Divisional Secretariat,79.914926,6.951178
Adathoda,Colombo,Colombo,Colombo Divisional Secretariat,80.01667,6.86667
Adathoda,Kurunegala,Kurunegala,Kurunegala Divisional Secretariat,80.366868,7.486218
Adathoda,Colombo,Colombo,Colombo Divisional Secretariat,80.01667,6.86667
Adathoda,Gampaha,Gampaha,Ja-Ela Divisional Secretariat,80,7.13333
Adathoda,Colombo,Colombo,Colombo Divisional Secretariat,79.86400388,6.926472029
Adathoda,Colombo,Colombo,Colombo Divisional Secretariat,79.953354,6.906147
Adathoda,Colombo,Colombo,Colombo Divisional Secretariat,80.01667,6.86667
Adathoda,Colombo,Dehiwala-Mount Lavinia,Colombo Divisional Secretariat,79.87489147,6.81773117
Adathoda,Colombo,Colombo,Colombo Divisional Secretariat,80.01667,6.86667
Adathoda,Gampaha,Minuwangoda Pradeshiya Sabha,Attanagalla Divisional Secretariat,80.03089998,7.159373661
Adathoda,Colombo,Dehiwala-Mount Lavinia,Dehiwala Divisional Secretariat,79.880242,6.838232
Adathoda,Gampaha,Negombo,Negombo Divisional Secretariat,79.85121578,7.227404123
Adathoda,Colombo,Colombo,Colombo Divisional Secretariat,80.01667,6.86667
Adathoda,Colombo,Dehiwala-Mount Lavinia,Dehiwala Divisional Secretariat,79.880242,6.838232
Adathoda,Colombo,Colombo,Colombo Divisional Secretariat,79.85081253,6.913526376
Adathoda,Colombo,Colombo,Thimbirigasyaya Divisional Secretariat,80.01667,6.86667
Adathoda,Gampaha,Attanagalla Pradeshiya Sabha,Attanagalla Divisional Secretariat,80.07056013,7.12648592
Adathoda,Trincomalee,Muttur Pradeshiya Sabha,Muttur Divisional Secretariat,81.26670356,8.457968715
Adathoda,Colombo,Colombo,Colombo Divisional Secretariat,80.01667,6.86667
Adathoda,Gampaha,Negombo,Negombo Divisional Secretariat,79.843249,7.206416
Adathoda,Gampaha,Biyagama Pradeshiya Sabha,Biyagama Divisional Secretariat,80,7.13333
Adathoda,Puttalam,Kalpitiya Pradeshiya Sabha,Kalpitiya Divisional Secretariat,79.72524768,8.22468816
Adathoda,Puttalam,Kalpitiya Pradeshiya Sabha,Kalpitiya Divisional Secretariat,79.76615078,8.23680624
Adathoda,Kalutara,Beruwala Pradeshiya Sabha,Beruwala Divisional Secretariat,79.982049,6.460387
Adathoda,Matara,Dickwella,Dickwella Divisional Secretariat,80.69465124,5.964618071
Adathoda,Ampara,MC,Akkaraipattu Divisional Secretariat,81.84968588,7.218416352
Delum,Kalutara,Beruwala Pradeshiya Sabha,Beruwala Divisional Secretariat,79.982049,6.460387
Delum,Kegalle,Kegalle,Kegalle Divisional Secretariat,80.385626,7.303204
Delum,Gampaha,Gampaha,Gampaha Divisional Secretariat,79.914926,6.951178
Delum,Colombo,Colombo,Colombo Divisional Secretariat,80.01667,6.86667
Delum,Colombo,Colombo,Colombo Divisional Secretariat,80.01667,6.86667
Delum,Colombo,Colombo,Colombo Divisional Secretariat,80.01667,6.86667
Delum,Galle,Aluthgama,Aluthgama,80.29806,6.25361
Delum,Kegalle,Kegalle,Mawanella Divisional Secretariat,80.387154,7.268821
Delum,Nuwara Eliya,Nuwara Eliya,Nuwara Eliya Divisional Secretariat,80.602044,6.90314
Delum,Kandy,Kandy,Pathadumbara Divisional Secretariat,80.69018737,7.251414263
Delum,Jaffna,Jaffna,Jaffna Divisional Secretariat,80.00917182,9.664925571
Delum,Colombo,Seethawaka Pradeshiya Sabha,Hanwella,80.09876733,6.918263308
Delum,Colombo,Kaduwela Pradeshiya Sabha,kaduwela Divisional Secretariat,79.98429232,6.935757206
Delum,Kandy,Kandy,Kandy Divisional Secretariat,80.625828,7.295044
Delum,Colombo,Kotte Muncipal Council,Kotte Divisional Secretariat,79.893438,6.877014
Delum,Kalutara,Beruwala Pradeshiya Sabha,Beruwala Divisional Secretariat,79.982049,6.460387
Delum,Gampaha,Negombo,Negombo Divisional Secretariat,79.843249,7.206416
Delum,Colombo,Colombo,Colombo Divisional Secretariat,80.01667,6.86667
Delum,Colombo,Colombo,Colombo Divisional Secretariat,80.01667,6.86667
Delum,Colombo,Colombo,Colombo Divisional Secretariat,79.945297,6.834129
Delum,Colombo,Kotte Muncipal Council,Kotte Divisional Secretariat,79.898096,6.893707
Delum,Matale,Dambulla Pradeshiya Sabha,Dambulla Divisional Secretariat,80.746205,7.942106
Delum,Matale,Matale,Pallepola Divisional Secretariat,80.75,7.66667
Delum,Colombo,Kotte Muncipal Council,Kotte Divisional Secretariat,79.89621755,6.909504175
Delum,Mullaitivu,Mulatiyana Pradeshiya Sabha,Mullaitivu Divisional Secretariat,80.81401289,9.269227958
Delum,Colombo,Colombo,Colombo Divisional Secretariat,79.86743585,6.833082021
Delum,Kandy,Kandy,Kandy Divisional Secretariat,80.625828,7.295044
Delum,Matale,Dambulla Pradeshiya Sabha,Dambulla Divisional Secretariat,80.746205,7.942106
Delum,Gampaha,Negombo,Negombo Divisional Secretariat,79.843249,7.206416
Delum,Matale,Matale,Mawanella Divisional Secretariat,80.01667,6.86667
Delum,Colombo,Colombo,Colombo Divisional Secretariat,80.01667,6.86667
Delum,Colombo,Colombo,Maradana,80.01667,6.86667
Delum,Colombo,Colombo,Colombo Divisional Secretariat,80.01667,6.86667
Delum,Colombo,Colombo,Colombo Divisional Secretariat,80.01667,6.86667
Delum,Colombo,Colombo,Colombo Divisional Secretariat,80.01667,6.86667
Delum,Colombo,Colombo,Colombo Divisional Secretariat,80.01667,6.86667
Delum,Colombo,Dehiwala-Mount Lavinia,Dehiwala Divisional Secretariat,79.880242,6.838232
Delum,Colombo,Dehiwala-Mount Lavinia,Dehiwala Divisional Secretariat,79.87730864,6.866502725
Delum,Colombo,Colombo,Colombo Divisional Secretariat,80.01667,6.86667
Delum,Gampaha,Wennappuwa Pradeshiya Sabha,Wennappuwa Divisional Secretariat,80,7.13333
Delum,Colombo,Colombo,Colombo Divisional Secretariat,80.01667,6.86667
Delum,Colombo,Colombo,Colombo Divisional Secretariat,80.01667,6.86667
Delum,Kurunegala,Kurunegala,Kurunegala Divisional Secretariat,80.366868,7.486218
Delum,Gampaha,Gampaha,Mirigama Divisional Secretariat,80,7.13333
Delum,Colombo,Colombo,Colombo Divisional Secretariat,80.01667,6.86667
Delum,Colombo,Colombo,Colombo Divisional Secretariat,79.85081253,6.913526376
Delum,Colombo,Colombo,Colombo Divisional Secretariat,80.01667,6.86667
Delum,Colombo,Colombo,Colombo Divisional Secretariat,79.89621755,6.909504175
Delum,Colombo,Colombo,Colombo Divisional Secretariat,80.01667,6.86667
Delum,Colombo,Colombo,Colombo Divisional Secretariat,80.01667,6.86667
Delum,Colombo,Colombo,Colombo Divisional Secretariat,80.01667,6.86667
Delum,Colombo,Colombo,Homagama Divisional Secretariat,80.00584169,6.84848797
Delum,Colombo,Kotte Muncipal Council,Kotte Divisional Secretariat,80.01667,6.86667
Delum,Colombo,Colombo,Colombo Divisional Secretariat,79.90170275,6.841059858
Delum,Colombo,Dehiwala-Mount Lavinia,Ratmalana Divisional Secretariat,79.86743585,6.833082021
Delum,Gampaha,Gampaha,Gampaha Divisional Secretariat,79.93937505,6.991302851
Delum,Colombo,Kotikawatta Mulleriyawa Pradeshiya Sabha,Kolonnawa Divisional Secretariat,79.89621755,6.909504175
Delum,Colombo,Colombo,Colombo Divisional Secretariat,79.86743585,6.833082021
Delum,Colombo,Dehiwala-Mount Lavinia,Dehiwala Divisional Secretariat,80.01667,6.86667
Delum,Galle,Galle,Galle Divisional Secretariat,80.223192,6.043279
Delum,Colombo,Kotte Muncipal Council,Nugegoda Divisional Secretariat,80.01667,6.86667
Delum,Colombo,Colombo,Thimbirigasyaya Divisional Secretariat,80.01667,6.86667
Delum,Ampara,Ampara,Ampara Divisional Secretariat,81.84968588,7.218416352
Delum,Colombo,Colombo,Colombo Divisional Secretariat,80.01667,6.86667
Delum,Gampaha,Negombo,Negombo Divisional Secretariat,79.843249,7.206416
Delum,Colombo,Colombo,Colombo Divisional Secretariat,80.01667,6.86667
Delum,Puttalam,Puttalam Pradeshiya Sabha,Mundalama Divisional Secretariat,80.01667,6.86667
Delum,Colombo,Colombo,Colombo Divisional Secretariat,80.01667,6.86667
Delum,Gampaha,Seeduwa,Negombo Divisional Secretariat,79.87624339,7.13117577
Delum,Colombo,Colombo,Colombo Divisional Secretariat,80.01667,6.86667
Delum,Colombo,Colombo,Colombo Divisional Secretariat,80.01667,6.86667
Delum,Colombo,Colombo,Colombo Divisional Secretariat,80.01667,6.86667
Delum,Gampaha,Gampaha,Ja-Ela Divisional Secretariat,80,7.13333
Delum,Colombo,Colombo,Colombo Divisional Secretariat,80.01667,6.86667
Delum,Kegalle,Kegalle,Kegalle Divisional Secretariat,80.40849265,6.997872529
Delum,Matara,Weligama Pradeshiya Sabha,Weligama Divisional Secretariat,80.29806,6.25361
Delum,Anuradhapura,Anuradhapura,Anuradhapura East,80.01667,8.161252739
Delum,Badulla,Ella Pradeshiya Sabha,Ella Divisional Secretariat,81.15699275,6.93540042
Kuburu,Kandy,Kandy,Kandy Divisional Secretariat,80.625828,7.295044
Kuburu,Colombo,Colombo,Colombo Divisional Secretariat,80.01667,6.86667
Kuburu,Galle,Galle,Galle Divisional Secretariat,79.99785433,6.421527648
Kuburu,Ratnapura,Ratnapura,Ratnapura Divisional Secretariat,80.01667,6.86667
Kuburu,Colombo,Colombo,Thimbirigasyaya Divisional Secretariat,80.01667,6.86667
Kuburu,Matara,Dickwella,Dickwella Divisional Secretariat,80.69465124,5.964618071
Kuburu,Colombo,Dehiwala-Mount Lavinia,Ratmalana Divisional Secretariat,79.87489147,6.81773117
Kuburu,Jaffna,Jaffna,Jaffna Divisional Secretariat,80.16667,9.66667
Kuburu,Galle,Ambalangoda,Ambalangoda Divisional Secretariat,80.223192,6.043279
Kuburu,Colombo,Colombo,Maharagama Divisional Secretariat,79.96523447,6.841388419
Kuburu,Gampaha,Gampaha,Gampaha Divisional Secretariat,80.03348605,7.085934943
Kuburu,Colombo,Colombo,Colombo Divisional Secretariat,80.01667,6.86667
Kuburu,Colombo,Colombo,Thimbirigasyaya Divisional Secretariat,80.01667,6.86667
Kuburu,Colombo,Colombo,Colombo Divisional Secretariat,80.01667,6.86667
Kuburu,Matale,Dambulla Pradeshiya Sabha,Dambulla Divisional Secretariat,80.656148,7.866782
Kuburu,Hambantota,Tangalle Pradeshiya Sabha,Tangalle Divisional Secretariat,80.79599348,6.021950937
Kuburu,Colombo,Colombo,Colombo Divisional Secretariat,80.01667,6.86667
Kuburu,Kalutara,Beruwala Pradeshiya Sabha,Beruwala Divisional Secretariat,79.99889854,6.43264941
Kuburu,Gampaha,Negombo,Negombo Divisional Secretariat,79.843249,7.206416
Kuburu,Colombo,Colombo,Colombo Divisional Secretariat,79.8558871,6.923879449
Kuburu,Galle,Bentota Pradeshiya Sabha,Benthota Divisional Secretariat,80.01055584,6.373973957
Kuburu,Colombo,Colombo,Colombo Divisional Secretariat,80.01667,6.86667
Kuburu,Kalutara,Bentota Pradeshiya Sabha,Benthota Divisional Secretariat,79.99889854,6.43264941
Kuburu,Gampaha,Negombo,Negombo Divisional Secretariat,79.843249,7.206416
Kuburu,Galle,Bentota Pradeshiya Sabha,Benthota Divisional Secretariat,79.99785433,6.421527648
Kuburu,Kandy,Kandy,Kandy Divisional Secretariat,80.625828,7.295044
Kuburu,Colombo,Colombo,Colombo Divisional Secretariat,80.01667,6.86667
Kuburu,Colombo,Colombo,Colombo Divisional Secretariat,80.01667,6.86667
Kuburu,Colombo,Colombo,Colombo Divisional Secretariat,79.88664818,6.947950172
Kuburu,Colombo,Colombo,Colombo Divisional Secretariat,80.01667,6.86667
Kuburu,Colombo,Colombo,Colombo Divisional Secretariat,80.01667,6.86667
Kuburu,Colombo,Kaduwela Pradeshiya Sabha,Colombo Divisional Secretariat,79.913892,6.897711
Kuburu,Colombo,Colombo,Colombo Divisional Secretariat,80.01667,6.86667
Kuburu,Colombo,Moratuwa,Moratuwa Divisional Secretariat,79.888881,6.790527
Kuburu,Puttalam,Puttalam Pradeshiya Sabha,Puttalam Divisional Secretariat,80,8
Kuburu,Gampaha,Ja-Ela Pradeshiya Sabha,Ja-Ela Divisional Secretariat,80.01667,6.86667
Kuburu,Colombo,Colombo,Colombo Divisional Secretariat,79.86960802,6.897904602
Kuburu,Ampara,Kalmunai,Kalmunai Divisional Secretariat,81.81296644,7.4343584
Kuburu,Colombo,Sri Jayawardenapura-Kotte,Sri jayawadanapura,79.893438,6.877014
Kuburu,Colombo,Colombo,Colombo Divisional Secretariat,80.01667,6.86667
Kuburu,Colombo,Colombo,Colombo Divisional Secretariat,80.01667,6.86667
Kuburu,Colombo,Colombo,Colombo Divisional Secretariat,80.01667,6.86667
Kuburu,Colombo,Colombo,Colombo Divisional Secretariat,80.01667,6.86667
Kuburu,Colombo,Colombo,Colombo Divisional Secretariat,80.01667,6.86667
Kuburu,Galle,Hikkaduwa,Hikkaduwa Divisional Secretariat,80.223192,6.043279
Kuburu,Colombo,Colombo,Colombo Divisional Secretariat,80.01667,6.86667
Kuburu,Colombo,Colombo,Colombo Divisional Secretariat,80.01667,6.86667
Kuburu,Colombo,Colombo,Colombo Divisional Secretariat,80.01667,6.86667
Kuburu,Colombo,Jaffna,Colombo Divisional Secretariat,80.01667,6.86667
Kuburu,Colombo,Colombo,Colombo Divisional Secretariat,79.866418,6.842919
Kuburu,Colombo,Colombo,Colombo Divisional Secretariat,80.01667,6.86667
Kuburu,Colombo,Colombo,Colombo Divisional Secretariat,80.01667,6.86667
Kuburu,Kalutara,Panadura Pradeshiya Sabha,Panadura Divisional Secretariat,80.29806,6.25361
Kuburu,Colombo,Kaduwela Pradeshiya Sabha,kaduwela Divisional Secretariat,79.913892,6.897711
Kuburu,Colombo,Colombo,Colombo Divisional Secretariat,80.01667,6.86667
Kuburu,Colombo,Dehiwala-Mount Lavinia,Colombo Divisional Secretariat,79.866418,6.842919
Kuburu,Colombo,Colombo,Colombo Divisional Secretariat,80.01667,6.86667
Kuburu,Colombo,Colombo,Thimbirigasyaya Divisional Secretariat,80.01667,6.86667
Kuburu,Kalutara,Bandaragama Pradeshiya Sabha,Bandaragama Divisional Secretariat,80.06194873,6.71662803
Kuburu,Kalutara,Kalutara Pradeshiya Sabha,Kalutara Divisional Secretariat,79.93051018,6.663972844
Kuburu,Colombo,Colombo,Colombo Divisional Secretariat,79.893438,6.877014
Kuburu,Galle,Galle,Galle Divisional Secretariat,80.223192,6.043279
Kuburu,Ampara,AKKARAIPATTU,Akkaraipattu Divisional Secretariat,81.84968588,7.218416352
Kuburu,Colombo,Colombo,Thimbirigasyaya Divisional Secretariat,80.01667,6.86667
Kuburu,Gampaha,Ja-Ela Pradeshiya Sabha,Ja-Ela Divisional Secretariat,79.91026998,7.101315869
Kuburu,Colombo,Colombo,Colombo Divisional Secretariat,80.01667,6.86667
Kuburu,Gampaha,Negombo,Negombo Divisional Secretariat,79.843249,7.206416
Kuburu,Colombo,Colombo,Thimbirigasyaya Divisional Secretariat,80.01667,6.86667
Kuburu,Kalutara,Bentota Pradeshiya Sabha,Benthota Divisional Secretariat,80.16667,6.58333
Kuburu,Matara,Weligama Pradeshiya Sabha,Weligama Divisional Secretariat,80.29806,6.25361
Kuburu,Badulla,Ella Pradeshiya Sabha,Ella Divisional Secretariat,81.15699275,6.93540042
Keekiridiya,Colombo,Colombo,Colombo Divisional Secretariat,80.01667,6.86667
Keekiridiya,Jaffna,Jaffna,Jaffna Divisional Secretariat,80.02834207,9.731553819
Keekiridiya,Gampaha,Negombo,Negombo Divisional Secretariat,79.843249,7.206416
Keekiridiya,Galle,Hikkaduwa,Hikkaduwa Divisional Secretariat,80.108277,6.135434
Keekiridiya,Colombo,Colombo,Colombo Divisional Secretariat,80.01667,6.86667
Keekiridiya,Colombo,Colombo,Colombo Divisional Secretariat,79.88473526,6.867054459
Keekiridiya,Gampaha,Gampaha,Gampaha Divisional Secretariat,79.84789,7.252517
Keekiridiya,Colombo,Colombo,Colombo Divisional Secretariat,80.01667,6.86667
Keekiridiya,Gampaha,Gampaha,Gampaha Divisional Secretariat,80,7.13333
Keekiridiya,Colombo,Colombo,Colombo Divisional Secretariat,80.01667,6.86667
Keekiridiya,Colombo,Kotte Muncipal Council,Kotte Divisional Secretariat,79.893438,6.877014
Keekiridiya,Colombo,Colombo,Colombo Divisional Secretariat,79.923272,6.851146
Keekiridiya,Colombo,Colombo,Colombo Divisional Secretariat,79.893438,6.877014
Keekiridiya,Colombo,Colombo,Colombo Divisional Secretariat,79.84481997,6.934345537
Keekiridiya,Hambantota,Hambantota,Hambantota Divisional Secretariat,81.16667,6.25
Keekiridiya,Kurunegala,Kurunegala,Kurunegala Divisional Secretariat,80.27356697,7.823914353
Keekiridiya,Colombo,Colombo,Colombo Divisional Secretariat,80.01667,6.86667
Keekiridiya,Galle,Galle,Galle Divisional Secretariat,80.21701955,6.027174863
Keekiridiya,Galle,Galle,Galle Divisional Secretariat,80.223192,6.043279
Keekiridiya,Kandy,Kandy,Kandy Divisional Secretariat,80.625828,7.295044
Keekiridiya,Colombo,Colombo,Colombo Divisional Secretariat,80.01667,6.86667
Keekiridiya,Colombo,Colombo,Colombo Divisional Secretariat,79.85523624,6.895296554
Keekiridiya,Colombo,Colombo,Colombo Divisional Secretariat,80.01667,6.86667
Keekiridiya,Gampaha,Negombo,Negombo Divisional Secretariat,79.843249,7.206416
Keekiridiya,Batticaloa,Batticaloa,Batticaloa Divisional Secretariat,81.569313,7.919323
Keekiridiya,Matale,Dambulla Pradeshiya Sabha,Dambulla Divisional Secretariat,80.656148,7.866782
Keekiridiya,Kandy,Kandy,Kandy Divisional Secretariat,80.625828,7.295044
Keekiridiya,Colombo,Colombo,Colombo Divisional Secretariat,80.01667,6.86667
Keekiridiya,Colombo,Colombo,Colombo Divisional Secretariat,80.01667,6.86667
Keekiridiya,Colombo,Colombo,Colombo Divisional Secretariat,80.01667,6.86667
Keekiridiya,Colombo,Colombo,Colombo Divisional Secretariat,80.01667,6.86667
Keekiridiya,Colombo,Colombo,Colombo Divisional Secretariat,80.01667,6.86667
Keekiridiya,Colombo,Colombo,Colombo Divisional Secretariat,80.01667,6.86667
Keekiridiya,Colombo,Colombo,Colombo Divisional Secretariat,80.01667,6.86667
Keekiridiya,Colombo,Colombo,Colombo Divisional Secretariat,80.01667,6.86667
Keekiridiya,Colombo,Colombo,Colombo Divisional Secretariat,80.01667,6.86667
Keekiridiya,Colombo,Colombo,Colombo Divisional Secretariat,80.01667,6.86667
Keekiridiya,Colombo,Colombo,Colombo Divisional Secretariat,80.01667,6.86667
Keekiridiya,Colombo,Colombo,Colombo Divisional Secretariat,80.01667,6.86667
Keekiridiya,Colombo,Colombo,Colombo Divisional Secretariat,79.87489147,6.81773117
Keekiridiya,Colombo,Colombo,Colombo Divisional Secretariat,80.01667,6.86667
Keekiridiya,Colombo,Colombo,Colombo Divisional Secretariat,80.01667,6.86667
Keekiridiya,Colombo,Colombo,Colombo Divisional Secretariat,79.86400388,6.926472029
Keekiridiya,Colombo,Boralesgamuwa,Colombo Divisional Secretariat,79.90170275,6.841059858
Keekiridiya,Colombo,Colombo,Colombo Divisional Secretariat,80.01667,6.86667
Keekiridiya,Colombo,Dehiwala-Mount Lavinia,Mount Lavinia,79.866418,6.842919
Keekiridiya,Colombo,Colombo,Colombo Divisional Secretariat,80.01667,6.86667
Keekiridiya,Gampaha,Gampaha,Gampaha Divisional Secretariat,79.87624339,7.13117577
Keekiridiya,Gampaha,Negombo,Negombo Divisional Secretariat,79.89570684,7.205680862
Keekiridiya,Colombo,Colombo,Colombo Divisional Secretariat,80.01667,6.86667
Keekiridiya,Colombo,Colombo,Colombo Divisional Secretariat,79.85982458,6.948016402
Keekiridiya,Colombo,Sri Jayawardenapura-Kotte,Sri jayawadanapura,79.89621755,6.909504175
Keekiridiya,Colombo,Colombo,Colombo Divisional Secretariat,79.86569367,6.961731715
Keekiridiya,Colombo,Colombo,Colombo Divisional Secretariat,79.88719208,6.886982359
Keekiridiya,Colombo,Colombo,Colombo Divisional Secretariat,80.01667,6.86667
Keekiridiya,Colombo,Dehiwala-Mount Lavinia,Dehiwala Divisional Secretariat,79.880242,6.838232
Keekiridiya,Colombo,Colombo,Colombo Divisional Secretariat,80.01667,6.86667
Keekiridiya,Colombo,Dehiwala-Mount Lavinia,Kesbewa Divisional Secretariat,79.880242,6.838232
Keekiridiya,Batticaloa,Batticaloa,Koralai Pattu Divisional Secretariat,81.33333,7.83333
Keekiridiya,Colombo,Colombo,Colombo Divisional Secretariat,80.01667,6.86667
Keekiridiya,Colombo,Colombo,Colombo Divisional Secretariat,80.01667,6.86667
Keekiridiya,Colombo,Sri Jayawardenapura-Kotte,Sri jayawadanapura,79.89621755,6.909504175
Keekiridiya,Colombo,Colombo,Colombo Divisional Secretariat,80.01667,6.86667
Keekiridiya,Kandy,Pathahewaheta,Gagawata,80.625828,7.295044
Keekiridiya,Colombo,Colombo,Kesbewa Divisional Secretariat,79.92270336,6.801843915
Keekiridiya,Kandy,Harispattuwa Pradeshiya Sabha,Harispattuwa Divisional Secretariat,80.625828,7.295044
Keekiridiya,Colombo,Colombo,Colombo Divisional Secretariat,80.01667,6.86667
Keekiridiya,Kurunegala,Kurunegala,Kurunegala Divisional Secretariat,80.33812892,7.437889669
Keekiridiya,Gampaha,Katana Pradeshiya Sabha,Katana Divisional Secretariat,79.90781575,7.184492616
Keekiridiya,Puttalam,Kalpitiya Pradeshiya Sabha,Kalpitiya Divisional Secretariat,80,8
Keekiridiya,Puttalam,Kalpitiya Pradeshiya Sabha,Kalpitiya Divisional Secretariat,79.73215328,8.213906102
Keekiridiya,Kegalle,Yatiyantota Pradeshiya Sabha,Yatiyanthota Divisional Secretariat,80.40849265,6.997872529
Keekiridiya,Matara,Dickwella,Dickwella Divisional Secretariat,80.69465124,5.964618071
Hulankiriya,Gampaha,Negombo,Negombo Divisional Secretariat,79.843249,7.206416
Hulankiriya,Matale,Matale,Matale Divisional Secretariat,80.75,7.66667
Hulankiriya,Colombo,Colombo,Colombo Divisional Secretariat,80.01667,6.86667
Hulankiriya,Nuwara Eliya,Nuwara Eliya,Hanguranketha Divisional Secretariat,80.85793147,7.012293929
Hulankiriya,Colombo,Colombo,Colombo Divisional Secretariat,80.01667,6.86667
Hulankiriya,Kandy,Gampola,Gampola Divisional Secretariat,80.57027436,7.163648765
Hulankiriya,Galle,Galle,Benthota Divisional Secretariat,80.223192,6.043279
Hulankiriya,Colombo,Colombo,Thimbirigasyaya Divisional Secretariat,80.01667,6.86667
Hulankiriya,Trincomalee,Trincomalee,Kuchchaveli Divisional Secretariat,81.19193162,8.681333816
Hulankiriya,Colombo,Colombo,Hanwella,80.08171057,6.908836328
Hulankiriya,Gampaha,Kelaniya Pradeshiya Sabha,Kelaniya Divisional Secretariat,79.914926,6.951178
Hulankiriya,Colombo,Maharagama,Maharagama Divisional Secretariat,79.880242,6.838232
Hulankiriya,Colombo,Colombo,Colombo Divisional Secretariat,80.01667,6.86667
Hulankiriya,Colombo,Colombo,Colombo Divisional Secretariat,80.01667,6.86667
Hulankiriya,Colombo,Kaduwela Pradeshiya Sabha,kaduwela Divisional Secretariat,79.98429232,6.935757206
Hulankiriya,Gampaha,Peliyagoda,Mahara Divisional Secretariat,80,7.13333
Hulankiriya,Colombo,Colombo,Colombo Divisional Secretariat,80.01667,6.86667
Hulankiriya,Colombo,Colombo,Colombo Divisional Secretariat,80.01667,6.86667
Hulankiriya,Puttalam,Wennappuwa Pradeshiya Sabha,Wennappuwa Divisional Secretariat,79.84130787,7.342640734
Hulankiriya,Gampaha,Negombo,Negombo Divisional Secretariat,79.84289632,7.261352077
Hulankiriya,Galle,Ambalangoda,Ambalangoda Divisional Secretariat,80.29806,6.25361
Hulankiriya,Colombo,Colombo,Colombo Divisional Secretariat,80.01667,6.86667
Hulankiriya,Colombo,Colombo,Thimbirigasyaya Divisional Secretariat,80.01667,6.86667
Hulankiriya,Colombo,Colombo,Colombo Divisional Secretariat,80.01667,6.86667
Hulankiriya,Gampaha,Negombo,Negombo Divisional Secretariat,79.84535985,7.219411131
Hulankiriya,Colombo,Colombo,Colombo Divisional Secretariat,80.01667,6.86667
Hulankiriya,Hambantota,Hambantota,Hambantota Divisional Secretariat,81.29896,6.268887
Hulankiriya,Galle,Galle,Galle Divisional Secretariat,80.223192,6.043279
Hulankiriya,Badulla,Badulla,Badulla Divisional Secretariat,80.78527797,7.353889057
Hulankiriya,Kandy,Kandy,Kandy Divisional Secretariat,80.625828,7.295044
Hulankiriya,Galle,Bentota Pradeshiya Sabha,Benthota Divisional Secretariat,80.22576146,6.067078933
Hulankiriya,Colombo,Colombo,Colombo Divisional Secretariat,79.880242,6.838232
Hulankiriya,Colombo,Colombo,Colombo Divisional Secretariat,80.01667,6.86667
Hulankiriya,Puttalam,Wennappuwa Pradeshiya Sabha,Wennappuwa Divisional Secretariat,79.84130787,7.342640734
Hulankiriya,Gampaha,Gampaha,Gampaha Divisional Secretariat,79.92739077,6.978059805
Hulankiriya,Colombo,Colombo,Colombo Divisional Secretariat,80.01667,6.86667
Hulankiriya,Colombo,Colombo,Colombo Divisional Secretariat,80.01667,6.86667
Hulankiriya,Ampara,Kalmunai,Kalmunai Divisional Secretariat,81.83417098,7.394464575
Hulankiriya,Gampaha,Negombo,Negombo Divisional Secretariat,79.843249,7.206416
Hulankiriya,Galle,Hikkaduwa,Hikkaduwa Divisional Secretariat,80.223192,6.043279
Hulankiriya,Gampaha,Kelaniya Pradeshiya Sabha,Kelaniya Divisional Secretariat,79.93937505,6.991302851
Hulankiriya,Colombo,Colombo,Colombo Divisional Secretariat,80.01667,6.86667
Hulankiriya,Colombo,Colombo,Colombo Divisional Secretariat,80.01667,6.86667
Hulankiriya,Colombo,Colombo,Colombo Divisional Secretariat,79.85523624,6.895296554
Hulankiriya,Colombo,Dehiwala-Mount Lavinia,Dehiwala Divisional Secretariat,80.01667,6.86667
Hulankiriya,Colombo,Colombo,Colombo Divisional Secretariat,80.01667,6.86667
Hulankiriya,Colombo,Colombo,Colombo Divisional Secretariat,80.01667,6.86667
Hulankiriya,Colombo,Colombo,Colombo Divisional Secretariat,80.01667,6.86667
Hulankiriya,Gampaha,Negombo,Negombo Divisional Secretariat,79.843249,7.206416
Hulankiriya,Colombo,Maharagama,Kesbewa Divisional Secretariat,79.945297,6.834129
Hulankiriya,Colombo,Colombo,Colombo Divisional Secretariat,80.01667,6.86667
Hulankiriya,Gampaha,Negombo,Negombo Divisional Secretariat,79.843249,7.206416
Hulankiriya,Colombo,Colombo,Colombo Divisional Secretariat,79.880242,6.838232
Hulankiriya,Kurunegala,Kurunegala,Kurunegala Divisional Secretariat,80.366868,7.486218
Hulankiriya,Colombo,Wattala Pradeshiya Sabha,Wattala Divisional Secretariat,80.01667,6.86667
Hulankiriya,Colombo,Kotte Muncipal Council,Nugegoda Divisional Secretariat,79.893438,6.877014
Hulankiriya,Colombo,Colombo,Colombo Divisional Secretariat,80.01667,6.86667
Hulankiriya,Colombo,Moratuwa,Moratuwa Divisional Secretariat,79.888881,6.790527
Hulankiriya,Colombo,Sri Jayawardenapura-Kotte,Kotte Divisional Secretariat,79.89621755,6.909504175
Hulankiriya,Colombo,Kotte Muncipal Council,Colombo Divisional Secretariat,-2.781457,53.954905
Hulankiriya,Gampaha,Negombo,Negombo Divisional Secretariat,79.84535985,7.219411131
Hulankiriya,Gampaha,Negombo,Negombo Divisional Secretariat,79.84789,7.252517
Hulankiriya,Colombo,Dehiwala-Mount Lavinia,Ratmalana Divisional Secretariat,79.880242,6.838232
Hulankiriya,Colombo,Colombo,Colombo Divisional Secretariat,79.86777515,6.904180767
Hulankiriya,Colombo,Sri Jayawardenapura-Kotte,Sri jayawadanapura,79.90916432,6.903166337
Hulankiriya,Colombo,Colombo,Colombo Divisional Secretariat,79.89621755,6.909504175
Hulankiriya,Colombo,Colombo,Colombo Divisional Secretariat,80.01667,6.86667
Hulankiriya,Colombo,Kesbewa,Kesbewa Divisional Secretariat,79.92270336,6.801843915
Katuwelbatu,Matale,Damana Pradeshiya Sabha,Dambulla Divisional Secretariat,80.656148,7.866782
Katuwelbatu,Gampaha,Gampaha,Gampaha Divisional Secretariat,79.914926,6.951178
Katuwelbatu,Colombo,Kaduwela Pradeshiya Sabha,kaduwela Divisional Secretariat,79.98429232,6.935757206
Katuwelbatu,Matale,Matale,Matale Divisional Secretariat,80.75,7.66667
Katuwelbatu,Kalutara,Kalutara Pradeshiya Sabha,Kalutara Divisional Secretariat,80.16667,6.58333
Katuwelbatu,Kandy,Kandy,Gagawata,80.625828,7.295044
Katuwelbatu,Gampaha,Gampaha,Gampaha Divisional Secretariat,80.03348605,7.085934943
Katuwelbatu,Kurunegala,Kurunegala,Kurunegala Divisional Secretariat,80.366868,7.486218
Katuwelbatu,Colombo,Colombo,Thimbirigasyaya Divisional Secretariat,79.89031426,6.932625418
Katuwelbatu,Colombo,Colombo,Colombo Divisional Secretariat,80.01667,6.86667
Katuwelbatu,Matara,Weligama Pradeshiya Sabha,Weligama Divisional Secretariat,80.422128,5.974033
Katuwelbatu,Anuradhapura,Anuradhapura,Anuradhapura East,80.76903946,8.891177679
Katuwelbatu,Colombo,Colombo,Colombo Divisional Secretariat,79.913892,6.897711
Katuwelbatu,Kandy,Kandy,Kandy Divisional Secretariat,80.625828,7.295044
Katuwelbatu,Gampaha,Kelaniya Pradeshiya Sabha,Kelaniya Divisional Secretariat,79.92739077,6.978059805
Katuwelbatu,Colombo,Kaduwela Pradeshiya Sabha,kaduwela Divisional Secretariat,79.98429232,6.935757206
Katuwelbatu,Polonnaruwa,Polonnaruwa,Thamankaduwa Divisional Secretariat,80.991192,7.93454
Katuwelbatu,Colombo,Colombo,Colombo Divisional Secretariat,80.01667,6.86667
Katuwelbatu,Gampaha,Negombo,Negombo Divisional Secretariat,79.843249,7.206416
Katuwelbatu,Colombo,Maharagama,Maharagama Divisional Secretariat,79.945297,6.834129
Katuwelbatu,Colombo,Colombo,Colombo Divisional Secretariat,80.01667,6.86667
Katuwelbatu,Colombo,Colombo,Colombo Divisional Secretariat,80.01667,6.86667
Katuwelbatu,Kandy,Kandy,Kandy Divisional Secretariat,80.625828,7.295044
Katuwelbatu,Colombo,Colombo,Colombo Divisional Secretariat,80.01667,6.86667
Katuwelbatu,Trincomalee,Trincomalee,Trincomalee Divisional Secretariat,81.216793,8.578088
Katuwelbatu,Matale,Matale,Matale Divisional Secretariat,80.75,7.66667
Katuwelbatu,Matale,Matale,Matale Divisional Secretariat,80.62596389,7.531057825
Katuwelbatu,Matale,Yatawatta Pradeshiya Sabha,Yatawatta Divisional Secretariat,80.75,7.66667
Katuwelbatu,Kalutara,Panadura Pradeshiya Sabha,Panadura Divisional Secretariat,79.93051018,6.663972844
Katuwelbatu,Colombo,Colombo,Colombo Divisional Secretariat,79.893438,6.877014
Katuwelbatu,Colombo,Colombo,Colombo Divisional Secretariat,80.01667,6.86667
Katuwelbatu,Colombo,Colombo,Colombo Divisional Secretariat,80.01667,6.86667
Katuwelbatu,Kandy,Kandy,Kandy Divisional Secretariat,80.625828,7.295044
Katuwelbatu,Colombo,Colombo,Colombo Divisional Secretariat,80.01667,6.86667
Katuwelbatu,Colombo,Colombo,Colombo Divisional Secretariat,80.01667,6.86667
Katuwelbatu,Kandy,Kandy,Kandy Divisional Secretariat,80.625828,7.295044
Katuwelbatu,Colombo,Colombo,Colombo Divisional Secretariat,80.01667,6.86667
Katuwelbatu,Colombo,Colombo,Colombo Divisional Secretariat,80.01667,6.86667
Katuwelbatu,Colombo,Colombo,Colombo Divisional Secretariat,80.01667,6.86667
Katuwelbatu,Colombo,Colombo,Colombo Divisional Secretariat,80.01667,6.86667
Katuwelbatu,Ampara,Ampara,Ninthavur Divisional Secretariat,81.84612022,7.354205365
Katuwelbatu,Colombo,Colombo,Colombo Divisional Secretariat,80.01667,6.86667
Katuwelbatu,Colombo,Colombo,Colombo Divisional Secretariat,79.88719208,6.886982359
Katuwelbatu,Colombo,Colombo,Colombo Divisional Secretariat,79.888881,6.790527
Katuwelbatu,Colombo,Colombo,Colombo Divisional Secretariat,79.85081253,6.913526376
Katuwelbatu,Ampara,AKKARAIPATTU,Akkaraipattu Divisional Secretariat,81.84968588,7.218416352
Katuwelbatu,Colombo,Colombo,Slave island,80.01667,6.86667
Katuwelbatu,Colombo,Colombo,Colombo Divisional Secretariat,79.88719208,6.886982359
Katuwelbatu,Colombo,Colombo,Colombo Divisional Secretariat,80.01667,6.86667
Katuwelbatu,Gampaha,Biyagama Pradeshiya Sabha,Biyagama Divisional Secretariat,79.92739077,6.978059805
Katuwelbatu,Colombo,Colombo,Colombo Divisional Secretariat,80.01667,6.86667
Katuwelbatu,Gampaha,Negombo,Negombo Divisional Secretariat,80.21495492,6.03281393
Katuwelbatu,Matara,Weligama Pradeshiya Sabha,Weligama Divisional Secretariat,80.21224665,6.034630646
Katuwelbatu,Gampaha,Ja-Ela Pradeshiya Sabha,Ja-Ela Divisional Secretariat,80.01667,6.86667
Katuwelbatu,Colombo,Colombo,Colombo Divisional Secretariat,80.01667,6.86667
Katuwelbatu,Kandy,Kandy,Kandy Divisional Secretariat,79.88664818,6.947950172
Katuwelbatu,Colombo,Colombo,Colombo Divisional Secretariat,80.01667,6.86667
Katuwelbatu,Colombo,Colombo,Colombo Divisional Secretariat,80.01667,6.86667
Katuwelbatu,Batticaloa,Kattankudy,Kattankudy Divisional Secretariat,81.72896753,7.680486121
Katuwelbatu,Colombo,Colombo,Colombo Divisional Secretariat,80.01667,6.86667
Katuwelbatu,Kandy,Kandy,Ganga Ihala Korale Divisional Secretariat,80.625828,7.295044
Katuwelbatu,Colombo,Colombo,Colombo Divisional Secretariat,79.86400388,6.926472029
Katuwelbatu,Colombo,Dehiwala-Mount Lavinia,Mount Lavinia,79.866418,6.842919
Katuwelbatu,Colombo,Kaduwela Pradeshiya Sabha,kaduwela Divisional Secretariat,79.98429232,6.935757206
Katuwelbatu,Colombo,Dehiwala-Mount Lavinia,Colombo Divisional Secretariat,79.893438,6.877014
Katuwelbatu,Gampaha,Moratuwa,Negombo Divisional Secretariat,79.843249,7.206416
Katuwelbatu,Colombo,Colombo,Colombo Divisional Secretariat,80.01667,6.86667
Katuwelbatu,Puttalam,Puttalam Pradeshiya Sabha,Puttalam Divisional Secretariat,79.76615078,8.23680624
Katuwelbatu,Puttalam,Ampara,Ampara Divisional Secretariat,79.72524768,8.22468816
Katuwelbatu,Puttalam,Kalpitiya Pradeshiya Sabha,Kalpitiya Divisional Secretariat,79.72524768,8.22468816
Katuwelbatu,Puttalam,Kalpitiya Pradeshiya Sabha,Kalpitiya Divisional Secretariat,79.880242,6.838232
Katuwelbatu,Kalutara,Aluthgama,Beruwala Divisional Secretariat,79.99889854,6.43264941
Katuwelbatu,Matara,Matara,Matara Divisional Secretariat,80.5,6.16667
Igurupiyali,Colombo,Maharagama,Maharagama Divisional Secretariat,79.923272,6.851146
Igurupiyali,Colombo,Colombo,Colombo Divisional Secretariat,79.913892,6.897711
Igurupiyali,Gampaha,Negombo,Negombo Divisional Secretariat,79.843249,7.206416
Igurupiyali,Colombo,Colombo,Mount Lavinia,80.01667,6.86667
Igurupiyali,Colombo,Colombo,Colombo Divisional Secretariat,80.01667,6.86667
Igurupiyali,Colombo,Boralesgamuwa,Colombo Divisional Secretariat,79.90170275,6.841059858
Igurupiyali,Matale,Dambulla Pradeshiya Sabha,Dambulla Divisional Secretariat,80.746205,7.942106
Igurupiyali,Kalutara,Kalutara Pradeshiya Sabha,Kalutara Divisional Secretariat,79.99889854,6.43264941
Igurupiyali,Gampaha,Wattala Pradeshiya Sabha,Wattala Divisional Secretariat,79.843249,7.206416
Igurupiyali,Colombo,Kaduwela Pradeshiya Sabha,kaduwela Divisional Secretariat,79.945297,6.834129
Igurupiyali,Kegalle,Rambukkana Pradeshiya Sabha,Rambukkana Divisional Secretariat,80.38629779,7.300434276
Igurupiyali,Kandy,Kandy,Kandy Divisional Secretariat,80.625828,7.295044
Igurupiyali,Kegalle,Kegalle,Kegalle Divisional Secretariat,80.38446533,7.286498374
Igurupiyali,Colombo,Colombo,Colombo Divisional Secretariat,79.90916432,6.903166337
Igurupiyali,Colombo,Colombo,Colombo Divisional Secretariat,80.01667,6.86667
Igurupiyali,Colombo,Colombo,Colombo Divisional Secretariat,80.01667,6.86667
Igurupiyali,Gampaha,Negombo,Negombo Divisional Secretariat,79.84289632,7.261352077
Igurupiyali,Colombo,Colombo,Colombo Divisional Secretariat,80.01667,6.86667
Igurupiyali,Moneragala,Siyambalanduwa,Siyambalanduwa Divisional Secretariat,81.33333,6.66667
Igurupiyali,Colombo,Colombo,Thimbirigasyaya Divisional Secretariat,80.01667,6.86667
Igurupiyali,Colombo,Colombo,Colombo Divisional Secretariat,80.01667,6.86667
Igurupiyali,Gampaha,Wattala Pradeshiya Sabha,Wattala Divisional Secretariat,79.843249,7.206416
Igurupiyali,Colombo,Kaduwela Pradeshiya Sabha,kaduwela Divisional Secretariat,79.95461888,6.904072342
Igurupiyali,Kalutara,Aluthgama,Aluthgama,79.982049,6.460387
Igurupiyali,Kalutara,Kalutara Pradeshiya Sabha,Kalutara Divisional Secretariat,80.16667,6.58333
Igurupiyali,Matale,Matale,Matale Divisional Secretariat,80.62596389,7.531057825
Igurupiyali,Kandy,Kandy,Kandy Divisional Secretariat,80.625828,7.295044
Igurupiyali,Colombo,Colombo,Colombo Divisional Secretariat,80.01667,6.86667
Igurupiyali,Colombo,Colombo,Colombo Divisional Secretariat,80.01667,6.86667
Igurupiyali,Colombo,Colombo,Colombo Divisional Secretariat,80.01667,6.86667
Igurupiyali,Colombo,Colombo,Colombo Divisional Secretariat,80.01667,6.86667
Igurupiyali,Colombo,Colombo,Colombo Divisional Secretariat,79.888881,6.790527
Igurupiyali,Gampaha,Gampaha,Gampaha Divisional Secretariat,79.894797,7.053406
Igurupiyali,Colombo,Colombo,Colombo Divisional Secretariat,79.893438,6.877014
Igurupiyali,Colombo,Colombo,Colombo Divisional Secretariat,80.01667,6.86667
Igurupiyali,Kurunegala,Kurunegala,Kurunegala Divisional Secretariat,80.366868,7.486218
Igurupiyali,Gampaha,Kelaniya Pradeshiya Sabha,Kelaniya Divisional Secretariat,79.92739077,6.978059805
Igurupiyali,Colombo,Dehiwala-Mount Lavinia,Dehiwala Divisional Secretariat,79.880242,6.838232
Igurupiyali,Colombo,Colombo,Colombo Divisional Secretariat,80.01667,6.86667
Igurupiyali,Colombo,Colombo,Colombo Divisional Secretariat,79.86400388,6.926472029
Igurupiyali,Colombo,Colombo,Colombo Divisional Secretariat,80.01667,6.86667
Igurupiyali,Colombo,Colombo,Colombo Divisional Secretariat,80.01667,6.86667
Igurupiyali,Colombo,Colombo,Colombo Divisional Secretariat,80.01667,6.86667
Igurupiyali,Colombo,Ja-Ela Pradeshiya Sabha,Ja-Ela Divisional Secretariat,80.01667,6.86667
Igurupiyali,Colombo,Colombo,Thimbirigasyaya Divisional Secretariat,80.01667,6.86667
Igurupiyali,Colombo,Colombo,Colombo Divisional Secretariat,80.01667,6.86667
Igurupiyali,Colombo,Colombo,Colombo Divisional Secretariat,79.8558871,6.923879449
Igurupiyali,Colombo,Dehiwala-Mount Lavinia,Dehiwala Divisional Secretariat,79.880242,6.838232
Igurupiyali,Colombo,Colombo,Colombo Divisional Secretariat,80.01667,6.86667
Igurupiyali,Colombo,Colombo,Colombo Divisional Secretariat,80.01667,6.86667
Igurupiyali,Colombo,Colombo,Colombo Divisional Secretariat,80.01667,6.86667
Igurupiyali,Gampaha,Gampaha,Gampaha Divisional Secretariat,80.07056013,7.12648592
Igurupiyali,Batticaloa,Batticaloa,Batticaloa Divisional Secretariat,81.701831,7.718471
Igurupiyali,Colombo,Kotte Muncipal Council,Sri jayawadanapura,79.89621755,6.909504175
Igurupiyali,Colombo,Colombo,Colombo Divisional Secretariat,80.01667,6.86667
Igurupiyali,Colombo,Colombo,Colombo Divisional Secretariat,80.01667,6.86667
Igurupiyali,Colombo,Kuliyapitiya,Kolonnawa Divisional Secretariat,79.89618553,6.93722362
Igurupiyali,Puttalam,Puttalam Pradeshiya Sabha,Puttalam Divisional Secretariat,79.83367,8.031354
Igurupiyali,Colombo,Colombo,Colombo Divisional Secretariat,80.01667,6.86667
Igurupiyali,Gampaha,Katunayake-Seeduwa,Katana Divisional Secretariat,79.87624339,7.13117577
Igurupiyali,Gampaha,Negombo,Negombo Divisional Secretariat,79.84789,7.252517
Igurupiyali,Colombo,Kotte Muncipal Council,Colombo Divisional Secretariat,79.893438,6.877014
Igurupiyali,Colombo,Colombo,Colombo Divisional Secretariat,80.01667,6.86667
Igurupiyali,Colombo,Maharagama,Maharagama Divisional Secretariat,79.89283998,6.867808078
Igurupiyali,Colombo,Sri Jayawardenapura-Kotte,Sri jayawadanapura,79.913892,6.897711
Igurupiyali,Kurunegala,Kuliyapitiya Pradeshiya Sabha,Kuliyapitiya East Divisional Secretariat,80.038093,7.466985
Igurupiyali,Colombo,Sri Jayawardenapura-Kotte,Sri jayawadanapura,79.90204817,6.884074428
Igurupiyali,Colombo,Kotte Muncipal Council,Kotte Divisional Secretariat,79.893438,6.877014
Igurupiyali,Gampaha,Gampaha,Gampaha Divisional Secretariat,80,7.13333
Igurupiyali,Matara,Dickwella,Dickwella Divisional Secretariat,80.69465124,5.964618071
Igurupiyali,Colombo,Colombo,Thimbirigasyaya Divisional Secretariat,80.01667,6.86667
Igurupiyali,Kalutara,Beruwala Pradeshiya Sabha,Beruwala Divisional Secretariat,79.99889854,6.43264941
Igurupiyali,Trincomalee,Trincomalee,Trincomalee Divisional Secretariat,81.216793,8.578088
Igurupiyali,Puttalam,Kalpitiya Pradeshiya Sabha,Kalpitiya Divisional Secretariat,79.72524768,8.22468816
Igurupiyali,Gampaha,Negombo,Negombo Divisional Secretariat,79.84789,7.252517
Igurupiyali,Matara,Weligama Pradeshiya Sabha,Weligama Divisional Secretariat,80.29806,6.25361
Igurupiyali,Ampara,MC,Akkaraipattu Divisional Secretariat,81.84968588,7.218416352
Kadupahara,Colombo,Maharagama,Maharagama Divisional Secretariat,79.945297,6.834129
Kadupahara,Galle,Bentota Pradeshiya Sabha,Benthota Divisional Secretariat,80.223192,6.043279
Kadupahara,Colombo,Colombo,Colombo Divisional Secretariat,79.88719208,6.886982359
Kadupahara,Galle,Galle,Galle Divisional Secretariat,80.223192,6.043279
Kadupahara,Gampaha,Kelaniya Pradeshiya Sabha,Kelaniya Divisional Secretariat,79.914926,6.951178
Kadupahara,Moneragala,Matara,Wellawaya Divisional Secretariat,81.10183588,6.731780406
Kadupahara,Gampaha,Gampaha,Gampaha Divisional Secretariat,79.914926,6.951178
Kadupahara,Galle,Ambalangoda,Ambalangoda Divisional Secretariat,80.062884,6.209759
Kadupahara,Gampaha,Wattala Pradeshiya Sabha,Wattala Divisional Secretariat,79.843249,7.206416
Kadupahara,Gampaha,Gampaha,Gampaha Divisional Secretariat,79.92739077,6.978059805
Kadupahara,Gampaha,Peliyagoda,Kelaniya Divisional Secretariat,79.914926,6.951178
Kadupahara,Gampaha,Negombo,Negombo Divisional Secretariat,79.843249,7.206416
Kadupahara,Colombo,Colombo,Colombo Divisional Secretariat,80.01667,6.86667
Kadupahara,Kandy,Kandy,Yatinuwara Divisional Secretariat,80.5521143,7.265634367
Kadupahara,Colombo,Colombo,Colombo Divisional Secretariat,80.01667,6.86667
Kadupahara,Colombo,Colombo,Colombo Divisional Secretariat,80.01667,6.86667
Kadupahara,Colombo,Colombo,Thimbirigasyaya Divisional Secretariat,80.01667,6.86667
Kadupahara,Colombo,Colombo,Colombo Divisional Secretariat,80.01667,6.86667
Kadupahara,Matale,Dambulla Pradeshiya Sabha,Dambulla Divisional Secretariat,80.656148,7.866782
Kadupahara,Anuradhapura,Anuradhapura,Anuradhapura East,80.5,8.33333
Kadupahara,Gampaha,Divulapitiya Pradeshiya Sabha,Divulapitiya Divisional Secretariat,79.98584339,7.286360441
Kadupahara,Colombo,Sri Jayawardenapura-Kotte,Sri jayawadanapura,79.898096,6.893707
Kadupahara,Colombo,Dehiwala-Mount Lavinia,Dehiwala Divisional Secretariat,79.880242,6.838232
Kadupahara,Polonnaruwa,Polonnaruwa,Polonnaruwa Divisional Secretariat,80.75549967,8.03988765
Kadupahara,Galle,Galle,Galle Divisional Secretariat,80.21701955,6.027174863
Kadupahara,Colombo,Colombo,Thimbirigasyaya Divisional Secretariat,79.86960802,6.897904602
Kadupahara,Matale,Yatawatta Pradeshiya Sabha,Yatawatta Divisional Secretariat,80.75,7.531057825
Kadupahara,Colombo,Colombo,Colombo Divisional Secretariat,80.01667,6.86667
Kadupahara,Galle,balapitiya,Balapitiya Divisional Secretariat,80.223192,6.043279
Kadupahara,Colombo,Colombo,Colombo Divisional Secretariat,80.01667,6.86667
Kadupahara,Colombo,Colombo,Colombo Divisional Secretariat,79.913892,6.897711
Kadupahara,Colombo,Colombo,Colombo Divisional Secretariat,80.01667,6.86667
Kadupahara,Colombo,Colombo,Colombo Divisional Secretariat,80.01667,6.86667
Kadupahara,Colombo,Colombo,Colombo Divisional Secretariat,79.945297,6.834129
Kadupahara,Colombo,Colombo,Colombo Divisional Secretariat,80.01667,6.86667
Kadupahara,Colombo,Colombo,Colombo Divisional Secretariat,80.01667,6.86667
Kadupahara,Colombo,Colombo,Colombo Divisional Secretariat,80.01667,6.86667
Kadupahara,Colombo,Dehiwala-Mount Lavinia,Dehiwala Divisional Secretariat,80.01667,6.86667
Kadupahara,Kalutara,Kalutara Pradeshiya Sabha,Nagoda Divisional Secretariat,79.98915793,6.568683873
Kadupahara,Colombo,Colombo,Colombo Divisional Secretariat,80.01667,6.86667
Kadupahara,Colombo,Colombo,Colombo Divisional Secretariat,79.86400388,6.926472029
Kadupahara,Colombo,Colombo,Colombo Divisional Secretariat,80.01667,6.86667
Kadupahara,Kalutara,Aluthgama,Aluthgama,79.99889854,6.43264941
Kadupahara,Colombo,Colombo,Colombo Divisional Secretariat,80.01667,6.86667
Kadupahara,Colombo,Colombo,Colombo Divisional Secretariat,80.01667,6.86667
Kadupahara,Colombo,Colombo,Colombo Divisional Secretariat,80.01667,6.86667
Kadupahara,Gampaha,Gampaha,Gampaha Divisional Secretariat,80,7.13333
Kadupahara,Colombo,Colombo,Colombo Divisional Secretariat,80.01667,6.86667
Kadupahara,Colombo,Moratuwa,Moratuwa Divisional Secretariat,79.888881,6.790527
Kadupahara,Colombo,Colombo,Colombo Divisional Secretariat,80.01667,6.86667
Kadupahara,Colombo,Colombo,Colombo Divisional Secretariat,79.880242,6.838232
Kadupahara,Colombo,Colombo,Colombo Divisional Secretariat,79.86569367,6.961731715
Kadupahara,Colombo,Colombo,Colombo Divisional Secretariat,80.01667,6.86667
Kadupahara,Colombo,Colombo,Kesbewa Divisional Secretariat,79.94078857,6.795683175
Kadupahara,Colombo,Colombo,Colombo Divisional Secretariat,80.01667,6.86667
Kadupahara,Colombo,Colombo,Colombo Divisional Secretariat,80.01667,6.86667
Kadupahara,Colombo,Colombo,Colombo Divisional Secretariat,80.01667,6.86667
Kadupahara,Colombo,Maharagama,Maharagama Divisional Secretariat,79.893438,6.877014
Kadupahara,Colombo,Colombo,Colombo Divisional Secretariat,79.88664818,6.947950172
Kadupahara,Gampaha,Negombo,Negombo Divisional Secretariat,79.85121578,7.227404123
Kadupahara,Ampara,Ampara,Ampara Divisional Secretariat,81.83417098,7.394464575
Kadupahara,Gampaha,Wattala Pradeshiya Sabha,Wattala Divisional Secretariat,79.883006,6.9889
Kadupahara,Colombo,Dehiwala-Mount Lavinia,Dehiwala Divisional Secretariat,79.880242,6.838232
Kadupahara,Colombo,Colombo,Colombo Divisional Secretariat,80.01667,6.86667
Kadupahara,Gampaha,Negombo,Negombo Divisional Secretariat,79.843249,7.206416
Kadupahara,Gampaha,Ja-Ela Pradeshiya Sabha,Ja-Ela Divisional Secretariat,79.883006,6.9889
Kadupahara,Colombo,Dehiwala-Mount Lavinia,Thimbirigasyaya Divisional Secretariat,79.88473526,6.867054459
Kadupahara,Colombo,Dehiwala-Mount Lavinia,Dehiwala Divisional Secretariat,79.880242,6.838232
Kadupahara,Anuradhapura,Anuradhapura,Anuradhapura East,80.01667,8.33333
Kadupahara,Badulla,Ella Pradeshiya Sabha,Ella Divisional Secretariat,81.15699275,6.93540042
Kuppameniya,Gampaha,Biyagama Pradeshiya Sabha,Biyagama Divisional Secretariat,80,7.13333
Kuppameniya,Jaffna,Polonnaruwa,Dompe Divisional Secretariat,80.00917182,9.664925571
Kuppameniya,Kandy,Kandy,Kandy Divisional Secretariat,80.625828,7.295044
Kuppameniya,Kandy,Kandy,Ganga Ihala Korale Divisional Secretariat,80.625828,7.295044
Kuppameniya,Matara,Akuressa Pradeshiya Sabha,Akuressa Divisional Secretariat,80.56061799,6.342563726
Kuppameniya,Gampaha,Kelaniya Pradeshiya Sabha,Kelaniya Divisional Secretariat,79.92739077,6.978059805
Kuppameniya,Kalutara,Panadura Pradeshiya Sabha,Panadura Divisional Secretariat,79.910472,6.714417
Kuppameniya,Galle,Galle,Karandeniya Divisional Secretariat,80.16190477,6.291884875
Kuppameniya,Colombo,Kotte Muncipal Council,Kotte Divisional Secretariat,79.898096,6.893707
Kuppameniya,Colombo,Colombo,Colombo Divisional Secretariat,79.893438,6.877014
Kuppameniya,Colombo,Seethawaka Pradeshiya Sabha,Seethawaka Divisional Secretariat,80.08171057,6.908836328
Kuppameniya,Polonnaruwa,Hingurakgoda Pradeshiya Sabha,Hingurakgoda Divisional Secretariat,80.991192,7.93454
Kuppameniya,Colombo,Colombo,Colombo Divisional Secretariat,80.01667,6.86667
Kuppameniya,Colombo,Dehiwala-Mount Lavinia,Dehiwala Divisional Secretariat,79.880242,6.838232
Kuppameniya,Colombo,Colombo,Colombo Divisional Secretariat,80.01667,6.86667
Kuppameniya,Colombo,Maharagama,Maharagama Divisional Secretariat,79.945297,6.834129
Kuppameniya,Colombo,Colombo,Colombo Divisional Secretariat,79.84481997,6.934345537
Kuppameniya,Gampaha,Negombo,Negombo Divisional Secretariat,79.84151465,7.235216202
Kuppameniya,Mullaitivu,Mulatiyana Pradeshiya Sabha,Mulatiyana Divisional Secretariat,80.81401289,9.269227958
Kuppameniya,Colombo,Colombo,Colombo Divisional Secretariat,80.01667,6.86667
Kuppameniya,Galle,Galle,Galle Divisional Secretariat,80.223192,6.043279
Kuppameniya,Colombo,Colombo,Colombo Divisional Secretariat,80.01667,6.86667
Kuppameniya,Gampaha,Negombo,Negombo Divisional Secretariat,79.84535985,7.219411131
Kuppameniya,Anuradhapura,Anuradhapura,Anuradhapura East,80.52298182,8.215715106
Kuppameniya,Galle,Bentota Pradeshiya Sabha,Benthota Divisional Secretariat,79.99785433,6.421527648
Kuppameniya,Kalutara,Beruwala Pradeshiya Sabha,Beruwala Divisional Secretariat,79.982049,6.460387
Kuppameniya,Colombo,Colombo,Colombo Divisional Secretariat,80.01667,6.86667
Kuppameniya,Colombo,Colombo,Colombo Divisional Secretariat,80.01667,6.86667
Kuppameniya,Colombo,Colombo,Colombo Divisional Secretariat,80.01667,6.86667
Kuppameniya,Colombo,Colombo,Colombo Divisional Secretariat,80.01667,6.86667
Kuppameniya,Colombo,Colombo,Colombo Divisional Secretariat,80.01667,6.86667
Kuppameniya,Colombo,Colombo,Colombo Divisional Secretariat,79.94078857,6.795683175
Kuppameniya,Colombo,Colombo,Colombo Divisional Secretariat,80.01667,6.86667
Kuppameniya,Colombo,Colombo,Colombo Divisional Secretariat,80.01667,6.86667
Kuppameniya,Colombo,Colombo,Colombo Divisional Secretariat,79.866418,6.842919
Kuppameniya,Trincomalee,Kinniya,Kinniya Divisional Secretariat,81.216793,8.578088
Kuppameniya,Kurunegala,Kurunegala,Kurunegala Divisional Secretariat,80.366868,7.486218
Kuppameniya,Ampara,Ampara,Samanthurai Divisional Secretariat,81.75,7.08333
Kuppameniya,Colombo,Colombo,Colombo Divisional Secretariat,80.01667,6.86667
Kuppameniya,Colombo,Colombo,Colombo Divisional Secretariat,80.01667,6.86667
Kuppameniya,Colombo,Colombo,Colombo Divisional Secretariat,80.01667,6.86667
Kuppameniya,Kurunegala,Kurunegala,Kurunegala Divisional Secretariat,80.366868,7.486218
Kuppameniya,Matara,Matara,Matara Divisional Secretariat,80.5,6.16667
Kuppameniya,Colombo,Colombo,Colombo Divisional Secretariat,80.01667,6.86667
Kuppameniya,Colombo,Colombo,Colombo Divisional Secretariat,80.01667,6.86667
Kuppameniya,Colombo,Colombo,Colombo Divisional Secretariat,80.223192,6.043279
Kuppameniya,Colombo,Colombo,Colombo Divisional Secretariat,79.86960802,6.897904602
Kuppameniya,Colombo,Kaduwela Pradeshiya Sabha,kaduwela Divisional Secretariat,79.913892,6.897711
Kuppameniya,Colombo,Colombo,Colombo Divisional Secretariat,80.01667,6.86667
Kuppameniya,Colombo,Colombo,Colombo Divisional Secretariat,80.01667,6.86667
Kuppameniya,Gampaha,Negombo,Negombo Divisional Secretariat,79.843249,7.206416
Kuppameniya,Gampaha,Katunayake-Seeduwa,Katana Divisional Secretariat,79.843249,7.206416
Kuppameniya,Colombo,Dehiwala-Mount Lavinia,Dehiwala Divisional Secretariat,79.880242,6.838232
Kuppameniya,Gampaha,Kelaniya Pradeshiya Sabha,Kelaniya Divisional Secretariat,79.914926,6.951178
Kuppameniya,Colombo,Dehiwala-Mount Lavinia,Dehiwala Divisional Secretariat,79.880242,6.838232
Kuppameniya,Colombo,Colombo,Colombo Divisional Secretariat,80.01667,6.86667
Kuppameniya,Gampaha,Seeduwa,Katana Divisional Secretariat,79.87166754,7.156773068
Kuppameniya,Colombo,Kotte Muncipal Council,Kotte Divisional Secretariat,79.89621755,6.909504175
Kuppameniya,Colombo,Kotte Muncipal Council,Kotte Divisional Secretariat,79.893438,6.877014
Kuppameniya,Galle,Bentota Pradeshiya Sabha,Benthota Divisional Secretariat,80.223192,6.043279
Kuppameniya,Batticaloa,Batticaloa,Koralai Pattu Divisional Secretariat,81.53490694,7.902843511
Kuppameniya,Colombo,Kolonna Pradeshiya Sabha,Kolonnawa Divisional Secretariat,79.89618553,6.93722362
Kuppameniya,Colombo,Colombo,Colombo Divisional Secretariat,80.01667,6.86667
Kuppameniya,Colombo,Colombo,Thimbirigasyaya Divisional Secretariat,80.01667,6.86667
Kuppameniya,Colombo,Colombo,Thimbirigasyaya Divisional Secretariat,80.01667,6.86667
Kuppameniya,Colombo,Colombo,Colombo Divisional Secretariat,80.01667,6.86667
Kuppameniya,Colombo,Sri Jayawardenapura-Kotte,Kotte Divisional Secretariat,79.88719208,6.886982359
Kuppameniya,Puttalam,Kalpitiya Pradeshiya Sabha,Kalpitiya Divisional Secretariat,79.72524768,8.22468816
Kuppameniya,Badulla,Ella Pradeshiya Sabha,Ella Divisional Secretariat,81.15699275,6.93540042
Thippili,Colombo,Colombo,Colombo Divisional Secretariat,80.01667,6.86667
Thippili,Colombo,Colombo,Colombo Divisional Secretariat,80.01667,6.86667
Thippili,Colombo,Colombo,Colombo Divisional Secretariat,80.01667,6.86667
Thippili,Colombo,Colombo,Colombo Divisional Secretariat,80.01667,6.86667
Thippili,Colombo,Colombo,Kotte Divisional Secretariat,79.893438,6.877014
Thippili,Kandy,Yatinuwara Pradeshiya Sabha,Yatinuwara Divisional Secretariat,80.01667,6.86667
Thippili,Colombo,Colombo,Colombo Divisional Secretariat,80.01667,6.86667
Thippili,Matara,Akuressa Pradeshiya Sabha,Akuressa Divisional Secretariat,80.47750966,6.100507064
Thippili,Colombo,Colombo,Mount Lavinia,79.866418,6.842919
Thippili,Anuradhapura,Anuradhapura,Anuradhapura East,80.30001666,8.161252739
Thippili,Colombo,Dehiwala-Mount Lavinia,Ratmalana Divisional Secretariat,79.866418,6.842919
Thippili,Galle,Hikkaduwa,Hikkaduwa Divisional Secretariat,80.223192,6.043279
Thippili,Colombo,Colombo,Thimbirigasyaya Divisional Secretariat,80.01667,6.86667
Thippili,Colombo,Colombo,Thimbirigasyaya Divisional Secretariat,80.01667,6.86667
Thippili,Colombo,Maharagama,Maharagama Divisional Secretariat,79.96523447,6.841388419
Thippili,Colombo,Colombo,Colombo Divisional Secretariat,80.01667,6.86667
Thippili,Colombo,Colombo,Thimbirigasyaya Divisional Secretariat,80.01667,6.86667
Thippili,Gampaha,Negombo,Negombo Divisional Secretariat,79.843249,7.206416
Thippili,Batticaloa,Batticaloa,Batticaloa Divisional Secretariat,81.701831,7.718471
Thippili,Colombo,Kotte Muncipal Council,Kotte Divisional Secretariat,79.893438,6.877014
Thippili,Colombo,Dehiwala-Mount Lavinia,Dehiwala Divisional Secretariat,79.86743585,6.833082021
Thippili,Colombo,Colombo,Colombo Divisional Secretariat,80.01667,6.86667
Thippili,Kalutara,Kalutara Pradeshiya Sabha,Kalutara Divisional Secretariat,80.16667,6.58333
Thippili,Colombo,Colombo,Colombo Divisional Secretariat,80.01667,6.86667
Thippili,Colombo,Kaduwela Pradeshiya Sabha,Battaramulla,79.913892,6.897711
Thippili,Matale,Dambulla Pradeshiya Sabha,Dambulla Divisional Secretariat,80.656148,7.866782
Thippili,Kandy,Kandy,Kandy Divisional Secretariat,80.01667,6.86667
Thippili,Colombo,Colombo,Colombo Divisional Secretariat,79.85523624,6.895296554
Thippili,Colombo,Colombo,Colombo Divisional Secretariat,80.01667,6.86667
Thippili,Gampaha,Gampaha,Ja-Ela Divisional Secretariat,79.91026998,7.101315869
Thippili,Colombo,Colombo,Colombo Divisional Secretariat,80.01667,6.86667
Thippili,Puttalam,Puttalam Pradeshiya Sabha,Madampe Divisional Secretariat,79.84138146,7.495416235
Thippili,Colombo,Colombo,Colombo Divisional Secretariat,80.01667,6.86667
Thippili,Colombo,Colombo,Colombo Divisional Secretariat,80.01667,6.86667
Thippili,Colombo,Colombo,Colombo Divisional Secretariat,80.01667,6.86667
Thippili,Colombo,Colombo,Colombo Divisional Secretariat,80.01667,6.86667
Thippili,Colombo,Dehiwala-Mount Lavinia,Dehiwala Divisional Secretariat,79.866418,6.842919
Thippili,Colombo,Kotte Muncipal Council,Kotte Divisional Secretariat,79.90916432,6.903166337
Thippili,Hambantota,Hambantota,Hambantota Divisional Secretariat,81.16667,6.25
Thippili,Gampaha,Gampaha,Ja-Ela Divisional Secretariat,80.01667,6.86667
Thippili,Kalutara,Beruwala Pradeshiya Sabha,Beruwala Divisional Secretariat,79.982049,6.460387
Thippili,Gampaha,Gampaha,Gampaha Divisional Secretariat,80,7.13333
Thippili,Gampaha,Gampaha,Minuwangoda Divisional Secretariat,80,7.13333
Thippili,Colombo,Dehiwala-Mount Lavinia,Dehiwala Divisional Secretariat,79.880242,6.838232
Thippili,Colombo,Colombo,Colombo Divisional Secretariat,80.01667,6.86667
Thippili,Colombo,Colombo,Colombo Divisional Secretariat,80.01667,6.86667
Thippili,Colombo,Dehiwala-Mount Lavinia,Mount Lavinia,79.866418,6.842919
Thippili,Colombo,Dehiwala-Mount Lavinia,Mount Lavinia,79.866418,6.842919
Thippili,Kandy,Kandy,Kandy Divisional Secretariat,80.75,7.25
Thippili,Colombo,Colombo,Colombo Divisional Secretariat,80.01667,6.86667
Thippili,Colombo,Colombo,Colombo Divisional Secretariat,80.01667,6.86667
Thippili,Colombo,Moratuwa,Moratuwa Divisional Secretariat,79.888881,6.790527
Thippili,Ampara,MC,Akkaraipattu Divisional Secretariat,81.84968588,7.218416352
Thippili,Colombo,Colombo,Colombo Divisional Secretariat,80.01667,6.86667
Thippili,Colombo,Colombo,Colombo Divisional Secretariat,80.01667,6.86667
Thippili,Colombo,Colombo,Colombo Divisional Secretariat,80.01667,6.86667
Thippili,Colombo,Colombo,Thimbirigasyaya Divisional Secretariat,80.01667,6.86667
Thippili,Colombo,Colombo,Colombo Divisional Secretariat,80.01667,6.86667
Thippili,Colombo,Colombo,Colombo Divisional Secretariat,79.89621755,6.909504175
Thippili,Colombo,Dehiwala-Mount Lavinia,Dehiattakandiya Divisional Secretariat,79.880242,6.838232
Thippili,Colombo,Kaduwela Pradeshiya Sabha,kaduwela Divisional Secretariat,79.90984342,6.913713265
Thippili,Colombo,Colombo,Colombo Divisional Secretariat,80.01667,6.86667
Thippili,Colombo,Dehiwala-Mount Lavinia,Dehiwala Divisional Secretariat,79.880242,6.838232
Thippili,Colombo,Colombo,Thimbirigasyaya Divisional Secretariat,80.01667,6.86667
Thippili,Colombo,Colombo,Maradana,80.01667,6.86667
Thippili,Colombo,Dehiwala-Mount Lavinia,Dehiwala Divisional Secretariat,79.880242,6.838232
Thippili,Colombo,Sri Jayawardenapura-Kotte,Sri jayawadanapura,79.90916432,6.903166337
Thippili,Colombo,Colombo,Colombo Divisional Secretariat,80.01667,6.86667
Thippili,Colombo,Colombo,Colombo Divisional Secretariat,80.01667,6.86667
Thippili,Colombo,Kotte Muncipal Council,Kotte Divisional Secretariat,79.893438,6.877014
Thippili,Anuradhapura,Anuradhapura,Anuradhapura East,80.01667,8.161252739
Thippili,Badulla,Ella Pradeshiya Sabha,Ella Divisional Secretariat,81.15699275,6.93540042
Tholabo,Colombo,Colombo,Colombo Divisional Secretariat,80.01667,6.86667
Tholabo,Galle,Hikkaduwa,Galle Divisional Secretariat,80.223192,6.043279
Tholabo,Colombo,Colombo,Colombo Divisional Secretariat,79.88719208,6.886982359
Tholabo,Colombo,Sri Jayawardenapura-Kotte,Kotte Divisional Secretariat,79.90916432,6.903166337
Tholabo,Colombo,Moratuwa,Moratuwa Divisional Secretariat,79.888881,6.790527
Tholabo,Colombo,Colombo,Ratmalana Divisional Secretariat,79.866418,6.842919
Tholabo,Galle,Hikkaduwa,Hikkaduwa Divisional Secretariat,80.223192,6.043279
Tholabo,Colombo,Colombo,Colombo Divisional Secretariat,80.01667,6.86667
Tholabo,Colombo,Mahara Pradeshiya Sabha,Maharagama Divisional Secretariat,80.01667,6.86667
Tholabo,Colombo,Colombo,Colombo Divisional Secretariat,80.01667,6.86667
Tholabo,Kurunegala,Udubaddawa Pradeshiya Sabha,Udubaddawa Divisional Secretariat,80.25,7.75
Tholabo,Colombo,Kotte Muncipal Council,Kotte Divisional Secretariat,79.89621755,6.909504175
Tholabo,Colombo,Colombo,Colombo Divisional Secretariat,79.913892,6.897711
Tholabo,Colombo,Seethawaka Pradeshiya Sabha,Seethawaka Divisional Secretariat,80.01667,6.86667
Tholabo,Gampaha,Gampaha,Ja-Ela Divisional Secretariat,79.916392,7.031163
Tholabo,Gampaha,Katunayake-Seeduwa,Katana Divisional Secretariat,79.882085,7.166002
Tholabo,Kegalle,WARAKAPOLA,Warakapola Divisional Secretariat,80.19653913,7.224960913
Tholabo,Colombo,Colombo,Ratmalana Divisional Secretariat,79.87489147,6.81773117
Tholabo,Galle,Nivitigala Pradeshiya Sabha,Niyagama Divisional Secretariat,80.27305023,6.244330739
Tholabo,Colombo,Sri Jayawardenapura-Kotte,Sri jayawadanapura,79.898096,6.893707
Tholabo,Gampaha,Dompe Pradeshiya Sabha,Dompe Divisional Secretariat,80.09595277,6.950891739
Tholabo,Colombo,Colombo,Dehiwala Divisional Secretariat,79.880242,6.838232
Tholabo,Gampaha,Katana Pradeshiya Sabha,Katana Divisional Secretariat,79.87166754,7.156773068
Tholabo,Colombo,Colombo,Colombo Divisional Secretariat,80.01667,6.86667
Tholabo,Colombo,Batticaloa,Thimbirigasyaya Divisional Secretariat,80.01667,6.86667
Tholabo,Galle,Galle,Habaraduwa Divisional Secretariat,80.3622999,5.973516323
Tholabo,Matale,Yatawatta Pradeshiya Sabha,Yatawatta Divisional Secretariat,80.75,7.531057825
Tholabo,Kandy,Kandy,Kandy Divisional Secretariat,80.625828,7.295044
Tholabo,Galle,Galle,Galle Divisional Secretariat,80.21224665,6.034630646
Tholabo,Colombo,Colombo,Colombo Divisional Secretariat,80.01667,6.86667
Tholabo,Colombo,Colombo,Colombo Divisional Secretariat,80.01667,6.86667
Tholabo,Colombo,Colombo,Colombo Divisional Secretariat,79.87758977,6.914816955
Tholabo,Colombo,Colombo,Colombo Divisional Secretariat,80.01667,6.86667
Tholabo,Colombo,Colombo,Colombo Divisional Secretariat,80.01667,6.86667
Tholabo,Puttalam,Puttalam Pradeshiya Sabha,Puttalam Divisional Secretariat,79.82830586,7.453959918
Tholabo,Colombo,Colombo,Colombo Divisional Secretariat,80.01667,6.86667
Tholabo,Colombo,Colombo,Colombo Divisional Secretariat,80.01667,6.86667
Tholabo,Gampaha,Negombo,Negombo Divisional Secretariat,79.843249,7.206416
Tholabo,Colombo,Colombo,Colombo Divisional Secretariat,80.01667,6.86667
Tholabo,Colombo,Colombo,Colombo Divisional Secretariat,80.01667,6.86667
Tholabo,Colombo,Colombo,Colombo Divisional Secretariat,80.01667,6.86667
Tholabo,Colombo,Colombo,Colombo Divisional Secretariat,80.01667,6.86667
Tholabo,Colombo,Colombo,Colombo Divisional Secretariat,79.85081253,6.913526376
Tholabo,Colombo,Colombo,Colombo Divisional Secretariat,80.01667,6.86667
Tholabo,Colombo,Dehiwala-Mount Lavinia,Dehiwala Divisional Secretariat,79.866418,6.842919
Tholabo,Gampaha,Ja-Ela Pradeshiya Sabha,Ja-Ela Divisional Secretariat,80,7.13333
Tholabo,Colombo,Colombo,Colombo Divisional Secretariat,80.01667,6.86667
Tholabo,Colombo,Colombo,Colombo Divisional Secretariat,80.01667,6.86667
Tholabo,Gampaha,Negombo,Gampaha Divisional Secretariat,80,7.13333
Tholabo,Colombo,Colombo,Colombo Divisional Secretariat,80.01667,6.86667
Tholabo,Colombo,Colombo,Colombo Divisional Secretariat,80.01667,6.86667
Tholabo,Colombo,Colombo,Colombo Divisional Secretariat,80.01667,6.86667
Tholabo,Colombo,Colombo,Thimbirigasyaya Divisional Secretariat,80.01667,6.86667
Tholabo,Gampaha,Gampaha,Gampaha Divisional Secretariat,79.95126729,7.001966103
Tholabo,Kegalle,Kegalle,Kegalle Divisional Secretariat,80.387154,7.268821
Tholabo,Gampaha,Negombo,Katana Divisional Secretariat,80,7.13333
Tholabo,Colombo,Colombo,Colombo Divisional Secretariat,80.01667,6.86667
Tholabo,Colombo,Colombo,Colombo Divisional Secretariat,80.01667,6.86667
Tholabo,Colombo,Colombo,Colombo Divisional Secretariat,80.01667,6.86667
Tholabo,Colombo,Kotte Muncipal Council,Kotte Divisional Secretariat,79.89621755,6.909504175
Tholabo,Colombo,Colombo,Maradana,79.86400388,6.926472029
Tholabo,Colombo,Colombo,Colombo Divisional Secretariat,80.01667,6.86667
Tholabo,Colombo,Colombo,Colombo Divisional Secretariat,80.01667,6.86667
Tholabo,Colombo,Dehiwala-Mount Lavinia,Dehiwala Divisional Secretariat,79.866418,6.842919
Tholabo,Colombo,Dehiwala-Mount Lavinia,Dehiwala Divisional Secretariat,79.866418,6.842919
Tholabo,Gampaha,Kelaniya Pradeshiya Sabha,Gampaha Divisional Secretariat,79.893962,6.971391
Tholabo,Colombo,Homagama Pradeshiya Sabha,Homagama Divisional Secretariat,79.945297,6.834129
Tholabo,Colombo,Dehiwala-Mount Lavinia,Dehiwala Divisional Secretariat,79.88473526,6.867054459
Tholabo,Colombo,Maharagama,Maharagama Divisional Secretariat,79.923272,6.851146
Tholabo,Colombo,Colombo,Colombo Divisional Secretariat,80.01667,6.86667
Tholabo,Anuradhapura,Anuradhapura,Anuradhapura East,80.01667,8.161252739
Tholabo,Badulla,Ella Pradeshiya Sabha,Ella Divisional Secretariat,81.15699275,6.93540042
Nika,Colombo,Colombo,Colombo Divisional Secretariat,80.01667,6.86667
Nika,Colombo,Colombo,Colombo Divisional Secretariat,80.01667,6.86667
Nika,Kalutara,Kalutara Pradeshiya Sabha,Balangoda Divisional Secretariat,79.982049,6.460387
Nika,Colombo,Maharagama,Colombo Divisional Secretariat,79.96523447,6.841388419
Nika,Moneragala,Weeraketiya Pradeshiya Sabha,Wellawaya Divisional Secretariat,81.10183588,6.731780406
Nika,Colombo,Colombo,Colombo Divisional Secretariat,80.01667,6.86667
Nika,Colombo,Colombo,Colombo Divisional Secretariat,80.01667,6.86667
Nika,Colombo,Colombo,Thimbirigasyaya Divisional Secretariat,80.01667,6.86667
Nika,Colombo,Homagama Pradeshiya Sabha,Homagama Divisional Secretariat,80.00584169,6.84848797
Nika,Colombo,Colombo,Colombo Divisional Secretariat,80.01667,6.86667
Nika,Galle,Galle,Galle Divisional Secretariat,80.3622999,5.973516323
Nika,Gampaha,Gampaha,Gampaha Divisional Secretariat,80,7.13333
Nika,Colombo,Colombo,Thimbirigasyaya Divisional Secretariat,80.01667,6.86667
Nika,Colombo,Colombo,Thimbirigasyaya Divisional Secretariat,80.01667,6.86667
Nika,Colombo,Colombo,Thimbirigasyaya Divisional Secretariat,80.01667,6.86667
Nika,Colombo,Colombo,Thimbirigasyaya Divisional Secretariat,80.01667,6.86667
Nika,Colombo,Colombo,Thimbirigasyaya Divisional Secretariat,80.01667,6.86667
Nika,Colombo,Colombo,Colombo Divisional Secretariat,80.01667,6.86667
Nika,Colombo,Colombo,Colombo Divisional Secretariat,80.01667,6.86667
Nika,Gampaha,Negombo,Negombo Divisional Secretariat,79.843249,7.206416
Nika,Colombo,Colombo,Colombo Divisional Secretariat,80.01667,6.86667
Nika,Puttalam,Kalpitiya Pradeshiya Sabha,Puttalam Divisional Secretariat,79.76615078,8.23680624
Nika,Nuwara Eliya,Nuwara Eliya,Nuwara Eliya Divisional Secretariat,80.75,7
Nika,Kandy,Gagawata Koralya,Gagawata,80.625828,7.295044
Nika,Colombo,Dehiwala-Mount Lavinia,Mount Lavinia,79.866418,6.842919
Nika,Matale,Matale,Matale Divisional Secretariat,80.62320214,7.508611766
Nika,Colombo,Colombo,Colombo Divisional Secretariat,80.01667,6.86667
Nika,Colombo,Colombo,Thimbirigasyaya Divisional Secretariat,79.87700832,6.892399325
Nika,Colombo,Colombo,Colombo Divisional Secretariat,80.01667,6.86667
Nika,Galle,Bentota Pradeshiya Sabha,Benthota Divisional Secretariat,80.223192,6.043279
Nika,Colombo,Colombo,Colombo Divisional Secretariat,80.01667,6.86667
Nika,Gampaha,Gampaha,Gampaha Divisional Secretariat,79.894797,7.053406
Nika,Gampaha,Negombo,Negombo Divisional Secretariat,79.843249,7.206416
Nika,Kurunegala,Kurunegala,Kurunegala Divisional Secretariat,80.366868,7.486218
Nika,Colombo,Kolonna Pradeshiya Sabha,Kolonnawa Divisional Secretariat,80.5675691,7.239092381
Nika,Colombo,Colombo,Colombo Divisional Secretariat,80.01667,6.86667
Nika,Colombo,Colombo,Colombo Divisional Secretariat,80.01667,6.86667
Nika,Kurunegala,Kurunegala,Kurunegala Divisional Secretariat,80.366868,7.486218
Nika,Colombo,Colombo,Colombo Divisional Secretariat,79.87730864,6.866502725
Nika,Colombo,Colombo,Colombo Divisional Secretariat,79.85982458,6.948016402
Nika,Colombo,Colombo,Colombo Divisional Secretariat,79.893438,6.877014
Nika,Colombo,Colombo,Colombo Divisional Secretariat,80.01667,6.86667
Nika,Colombo,Colombo,Colombo Divisional Secretariat,79.88719208,6.886982359
Nika,Colombo,Colombo,Colombo Divisional Secretariat,80.01667,6.86667
Nika,Colombo,Colombo,Maradana,79.86400388,6.926472029
Nika,Kandy,Kandy,Kandy Divisional Secretariat,80.625828,7.295044
Nika,Colombo,Colombo,Colombo Divisional Secretariat,80.01667,6.86667
Nika,Colombo,Colombo,Colombo Divisional Secretariat,79.88719208,6.886982359
Nika,Colombo,Colombo,Colombo Divisional Secretariat,80.01667,6.86667
Nika,Colombo,Colombo,Colombo Divisional Secretariat,80.01667,6.86667
Nika,Colombo,Colombo,Colombo Divisional Secretariat,80.01667,6.86667
Nika,Colombo,Colombo,Colombo Divisional Secretariat,80.01667,6.86667
Nika,Gampaha,Gampaha,Ja-Ela Divisional Secretariat,79.893994,7.068840127
Nika,Ampara,Ampara,Ampara Divisional Secretariat,81.75,7.08333
Nika,Colombo,Colombo,Colombo Divisional Secretariat,80.01667,6.86667
Nika,Gampaha,Negombo,Negombo Divisional Secretariat,79.843249,7.206416
Nika,Colombo,Boralesgamuwa,Dehiwala Divisional Secretariat,79.90170275,6.841059858
Nika,Gampaha,Negombo,Negombo Divisional Secretariat,79.843249,7.206416
Nika,Colombo,Colombo,Colombo Divisional Secretariat,80.01667,6.86667
Nika,Colombo,Colombo,Colombo Divisional Secretariat,79.86957173,6.877356536
Nika,Colombo,Colombo,Colombo Divisional Secretariat,79.85523624,6.895296554
Nika,Gampaha,Gampaha,Attanagalla Divisional Secretariat,80.09566275,7.143816121
Nika,Colombo,Colombo,Thimbirigasyaya Divisional Secretariat,80.01667,6.86667
Nika,Kandy,Kandy,GANGAWATA KORALAYA,80.625828,7.295044
Nika,Colombo,Moratuwa,Moratuwa Divisional Secretariat,79.888881,6.790527
Nika,Colombo,Colombo,Thimbirigasyaya Divisional Secretariat,79.86960802,6.897904602
Nika,Colombo,Colombo,Colombo Divisional Secretariat,80.01667,6.86667
Nika,Colombo,Colombo,Colombo Divisional Secretariat,79.866418,6.842919
Nika,Colombo,Colombo,Colombo Divisional Secretariat,80.01667,6.86667
Nika,Puttalam,Wennappuwa Pradeshiya Sabha,Wennappuwa Divisional Secretariat,79.84130787,7.342640734
Nika,Gampaha,Wattala Pradeshiya Sabha,Wattala Divisional Secretariat,79.883006,6.9889
Nika,Anuradhapura,Anuradhapura,Anuradhapura East,80.01667,8.161252739
Nika,Badulla,Ella Pradeshiya Sabha,Ella Divisional Secretariat,81.15699275,6.93540042
Batakirilla,Galle,Bentota Pradeshiya Sabha,Benthota Divisional Secretariat,79.99785433,6.421527648
Batakirilla,Kandy,Kandy,Kandy Divisional Secretariat,80.625828,7.295044
Batakirilla,Gampaha,Negombo,Gampaha Divisional Secretariat,79.843249,7.206416
Batakirilla,Gampaha,Attanagalla Pradeshiya Sabha,Attanagalla Divisional Secretariat,80,7.13333
Batakirilla,Galle,Hikkaduwa,Hikkaduwa Divisional Secretariat,80.223192,6.043279
Batakirilla,Colombo,Colombo,Colombo Divisional Secretariat,79.86960802,6.897904602
Batakirilla,Kurunegala,Polgahawela Pradeshiya Sabha,Polgahawela Divisional Secretariat,80.32824607,7.419800251
Batakirilla,Colombo,Colombo,Colombo Divisional Secretariat,80.01667,6.86667
Batakirilla,Colombo,Dehiwala-Mount Lavinia,Dehiwala Divisional Secretariat,79.880242,6.838232
Batakirilla,Galle,Galle,Elpitiya Divisional Secretariat,80.062884,6.209759
Batakirilla,Colombo,Colombo,Colombo Divisional Secretariat,80.01667,6.86667
Batakirilla,Colombo,Colombo,Colombo Divisional Secretariat,80.01667,6.86667
Batakirilla,Colombo,Colombo,Thimbirigasyaya Divisional Secretariat,80.01667,6.86667
Batakirilla,Galle,Hikkaduwa,Hikkaduwa Divisional Secretariat,80.223192,6.043279
Batakirilla,Colombo,Colombo,Colombo Divisional Secretariat,80.01667,6.86667
Batakirilla,Matale,Dambulla Pradeshiya Sabha,Dambulla Divisional Secretariat,80.656148,7.866782
Batakirilla,Matara,Matara,Matara Divisional Secretariat,80.5,6.16667
Batakirilla,Galle,Habaraduwa,Habaraduwa Divisional Secretariat,80.223192,6.043279
Batakirilla,Matara,Matara,Kotapola Divisional Secretariat,80.56061799,6.342563726
Batakirilla,Kegalle,WARAKAPOLA,Warakapola Divisional Secretariat,80.19653913,7.224960913
Batakirilla,Colombo,Colombo,Colombo Divisional Secretariat,80.01667,6.86667
Batakirilla,Colombo,Colombo,Colombo Divisional Secretariat,80.01667,6.86667
Batakirilla,Colombo,Colombo,Colombo Divisional Secretariat,80.01667,6.86667
Batakirilla,Galle,Bentota Pradeshiya Sabha,Benthota Divisional Secretariat,79.99785433,6.421527648
Batakirilla,Colombo,Colombo,Thimbirigasyaya Divisional Secretariat,80.01667,6.86667
Batakirilla,Matale,Matale,Matale Divisional Secretariat,80.656148,7.866782
Batakirilla,Kandy,Kandy,Kandy Divisional Secretariat,80.625828,7.295044
Batakirilla,Colombo,Colombo,Colombo Divisional Secretariat,80.01667,6.86667
Batakirilla,Colombo,Colombo,Colombo Divisional Secretariat,80.01667,6.86667
Batakirilla,Kandy,Kandy,Kandy Divisional Secretariat,80.625828,7.295044
Batakirilla,Colombo,Colombo,Colombo Divisional Secretariat,79.85523624,6.895296554
Batakirilla,Colombo,Colombo,Colombo Divisional Secretariat,79.90170275,6.841059858
Batakirilla,Colombo,Colombo,Colombo Divisional Secretariat,80.01667,6.86667
Batakirilla,Gampaha,Kelaniya Pradeshiya Sabha,Kelaniya Divisional Secretariat,79.92739077,6.978059805
Batakirilla,Colombo,Colombo,Colombo Divisional Secretariat,80.01667,6.86667
Batakirilla,Colombo,Colombo,Colombo Divisional Secretariat,80.01667,6.86667
Batakirilla,Colombo,Colombo,Colombo Divisional Secretariat,80.01667,6.86667
Batakirilla,Colombo,Colombo,Colombo Divisional Secretariat,80.01667,6.86667
Batakirilla,Colombo,Colombo,Colombo Divisional Secretariat,79.86763048,6.927841536
Batakirilla,Colombo,Colombo,Colombo Divisional Secretariat,79.8558871,6.923879449
Batakirilla,Colombo,Colombo,Colombo Divisional Secretariat,80.01667,6.86667
Batakirilla,Colombo,Wattala Pradeshiya Sabha,Wattala Divisional Secretariat,80.01667,6.86667
Batakirilla,Gampaha,Wattala Pradeshiya Sabha,Wattala Divisional Secretariat,79.883006,6.9889
Batakirilla,Colombo,Kelaniya Pradeshiya Sabha,Kelaniya Divisional Secretariat,79.87758977,6.914816955
Batakirilla,Colombo,Kaduwela Pradeshiya Sabha,kaduwela Divisional Secretariat,79.913892,6.897711
Batakirilla,Colombo,Colombo,Colombo Divisional Secretariat,80.01667,6.86667
Batakirilla,Colombo,Colombo,Colombo Divisional Secretariat,80.01667,6.86667
Batakirilla,Colombo,Colombo,Colombo Divisional Secretariat,80.01667,6.86667
Batakirilla,Gampaha,Mahara Pradeshiya Sabha,Mahara Divisional Secretariat,79.916392,7.031163
Batakirilla,Colombo,Kaduwela Pradeshiya Sabha,kaduwela Divisional Secretariat,79.98429232,6.935757206
Batakirilla,Ampara,AKKARAIPATTU,Akkaraipattu Divisional Secretariat,81.84968588,7.218416352
Batakirilla,Galle,Batticaloa,Batticaloa Divisional Secretariat,80.223192,6.043279
Batakirilla,Colombo,Colombo,Colombo Divisional Secretariat,79.89621755,6.909504175
Batakirilla,Kegalle,Kegalle,Mawanella Divisional Secretariat,80.387154,7.268821
Batakirilla,Colombo,Colombo,Colombo Divisional Secretariat,79.89621755,6.909504175
Batakirilla,Colombo,Kolonna Pradeshiya Sabha,Kolonnawa Divisional Secretariat,80.21259466,6.952232553
Batakirilla,Colombo,Kotte Muncipal Council,Battaramulla,80.01667,6.86667
Batakirilla,Galle,Galle,Galle Divisional Secretariat,80.20132402,6.041706734
Batakirilla,Colombo,Dehiwala-Mount Lavinia,Mount Lavinia,79.866418,6.842919
Batakirilla,Gampaha,Katana Pradeshiya Sabha,Katana Divisional Secretariat,79.87166754,7.156773068
Batakirilla,Colombo,Colombo,Colombo Divisional Secretariat,80.01667,6.86667
Batakirilla,Colombo,Colombo,Colombo Divisional Secretariat,80.01667,6.86667
Batakirilla,Colombo,Colombo,Colombo Divisional Secretariat,80.01667,6.86667
Batakirilla,Colombo,Colombo,Colombo Divisional Secretariat,80.01667,6.86667
Batakirilla,Colombo,Colombo,Colombo Divisional Secretariat,80.01667,6.86667
Batakirilla,Colombo,Colombo,Colombo Divisional Secretariat,79.88719208,6.886982359
Batakirilla,Kalutara,Bandaragama Pradeshiya Sabha,Bandaragama Divisional Secretariat,80.06194873,6.71662803
Batakirilla,Colombo,Colombo,Colombo Divisional Secretariat,80.01667,6.86667
Batakirilla,Gampaha,Negombo,Katana Divisional Secretariat,79.90519566,7.250552759
Batakirilla,Anuradhapura,Anuradhapura,Anuradhapura East,80.01667,8.161252739
Batakirilla,Badulla,Ella Pradeshiya Sabha,Ella Divisional Secretariat,81.15699275,6.93540042
Binkohoba,Colombo,Colombo,Colombo Divisional Secretariat,80.01667,6.86667
Binkohoba,Ratnapura,Pelmadulla Pradeshiya Sabha,Pelmadulla Divisional Secretariat,80.48259714,6.663130409
Binkohoba,Colombo,Kotte Muncipal Council,Kotte Divisional Secretariat,79.88719208,6.886982359
Binkohoba,Colombo,Colombo,Colombo Divisional Secretariat,80.01667,6.86667
Binkohoba,Kurunegala,Ibbagamuwa Pradeshiya Sabha,Ibbagamuwa Divisional Secretariat,80.366868,7.486218
Binkohoba,Colombo,Colombo,Hanwella,80.08171057,6.908836328
Binkohoba,Nuwara Eliya,Kandy,Yatinuwara Divisional Secretariat,80.788197,6.960166
Binkohoba,Colombo,Homagama Pradeshiya Sabha,Homagama Divisional Secretariat,80.00584169,6.84848797
Binkohoba,Colombo,Kotikawatta Mulleriyawa Pradeshiya Sabha,Kolonnawa Divisional Secretariat,79.89618553,6.93722362
Binkohoba,Colombo,Maharagama,Maharagama Divisional Secretariat,79.90916432,6.903166337
Binkohoba,Colombo,Kaduwela Pradeshiya Sabha,kaduwela Divisional Secretariat,79.913892,6.897711
Binkohoba,Colombo,Kaduwela Pradeshiya Sabha,kaduwela Divisional Secretariat,79.913892,6.897711
Binkohoba,Colombo,Dehiwala-Mount Lavinia,Dehiwala Divisional Secretariat,79.88473526,6.867054459
Binkohoba,Colombo,Colombo,Colombo Divisional Secretariat,80.01667,6.86667
Binkohoba,Colombo,Colombo,Colombo Divisional Secretariat,80.01667,6.86667
Binkohoba,Colombo,Colombo,Colombo Divisional Secretariat,80.01667,6.86667
Binkohoba,Colombo,Colombo,Colombo Divisional Secretariat,80.01667,6.86667
Binkohoba,Galle,Hikkaduwa,Hikkaduwa Divisional Secretariat,80.223192,6.043279
Binkohoba,Colombo,Moratuwa,Moratuwa Divisional Secretariat,79.88855515,6.797393469
Binkohoba,Colombo,Kesbewa,Kesbewa Divisional Secretariat,79.94078857,6.795683175
Binkohoba,Galle,Ambalangoda,Ambalangoda Divisional Secretariat,80.29806,6.25361
Binkohoba,Colombo,Colombo,Colombo Divisional Secretariat,80.01667,6.86667
Binkohoba,Colombo,Dehiwala-Mount Lavinia,Dehiwala Divisional Secretariat,79.880242,6.838232
Binkohoba,Gampaha,Negombo,Negombo Divisional Secretariat,79.843249,7.206416
Binkohoba,Kalutara,Kalutara Pradeshiya Sabha,Kalutara Divisional Secretariat,80.16667,6.58333
Binkohoba,Kalutara,Kalutara Pradeshiya Sabha,Kalutara Divisional Secretariat,80.16667,6.58333
Binkohoba,Matale,Yatawatta Pradeshiya Sabha,Yatawatta Divisional Secretariat,80.75,7.531057825
Binkohoba,Gampaha,Negombo,Negombo Divisional Secretariat,79.84789,7.252517
Binkohoba,Colombo,Colombo,Colombo Divisional Secretariat,80.01667,6.86667
Binkohoba,Colombo,Colombo,Colombo Divisional Secretariat,79.90984342,6.913713265
Binkohoba,Colombo,Colombo,Colombo Divisional Secretariat,80.01667,6.86667
Binkohoba,Colombo,Colombo,Colombo Divisional Secretariat,80.01667,6.86667
Binkohoba,Colombo,Colombo,Colombo Divisional Secretariat,79.84481997,6.934345537
Binkohoba,Colombo,Colombo,Colombo Divisional Secretariat,79.87581499,6.891135147
Binkohoba,Puttalam,Puttalam Pradeshiya Sabha,Puttalam Divisional Secretariat,80,8
Binkohoba,Colombo,Colombo,Colombo Divisional Secretariat,80.01667,6.86667
Binkohoba,Kandy,Kandy,Kandy Divisional Secretariat,80.625828,7.295044
Binkohoba,Kurunegala,Mawathagama Pradeshiya Sabha,Mawathagama Divisional Secretariat,80.366868,7.486218
Binkohoba,Colombo,Colombo,Colombo Divisional Secretariat,80.01667,6.86667
Binkohoba,Colombo,Colombo,Colombo Divisional Secretariat,80.01667,6.86667
Binkohoba,Colombo,Colombo,Colombo Divisional Secretariat,79.85081253,6.913526376
Binkohoba,Colombo,Colombo,Colombo Divisional Secretariat,80.01667,6.86667
Binkohoba,Galle,Galle,Balapitiya Divisional Secretariat,80.038391,6.27014
Binkohoba,Colombo,Colombo,Colombo Divisional Secretariat,80.01667,6.86667
Binkohoba,Colombo,Colombo,Colombo Divisional Secretariat,80.01667,6.86667
Binkohoba,Colombo,Colombo,Colombo Divisional Secretariat,80.01667,6.86667
Binkohoba,Colombo,Kesbewa,Kesbewa Divisional Secretariat,79.92270336,6.801843915
Binkohoba,Gampaha,Ja-Ela Pradeshiya Sabha,Ja-Ela Divisional Secretariat,79.894797,7.053406
Binkohoba,Colombo,Colombo,Colombo Divisional Secretariat,80.01667,6.86667
Binkohoba,Kegalle,Mawathagama Pradeshiya Sabha,Mawanella Divisional Secretariat,80.387154,7.268821
Binkohoba,Colombo,Colombo,Colombo Divisional Secretariat,80.01667,6.86667
Binkohoba,Colombo,Kotte Muncipal Council,Kotte Divisional Secretariat,79.89064895,6.856583555
Binkohoba,Colombo,Dehiwala-Mount Lavinia,Dehiwala Divisional Secretariat,79.866418,6.842919
Binkohoba,Colombo,Colombo,Colombo Divisional Secretariat,80.01667,6.86667
Binkohoba,Colombo,Colombo,Colombo Divisional Secretariat,80.01667,6.86667
Binkohoba,Colombo,Colombo,Colombo Divisional Secretariat,80.01667,6.86667
Binkohoba,Colombo,Dehiwala-Mount Lavinia,Mount Lavinia,79.86743585,6.833082021
Binkohoba,Batticaloa,Kattankudy,Kattankudy Divisional Secretariat,81.72896753,7.680486121
Binkohoba,Colombo,Kotte Muncipal Council,Kotte Divisional Secretariat,79.913892,6.897711
Binkohoba,Colombo,Maharagama,Maharagama Divisional Secretariat,79.90170275,6.841059858
Binkohoba,Gampaha,Biyagama Pradeshiya Sabha,Biyagama Divisional Secretariat,80,7.13333
Binkohoba,Colombo,Colombo,Thimbirigasyaya Divisional Secretariat,80.01667,6.86667
Binkohoba,Gampaha,Gampaha,Gampaha Divisional Secretariat,79.883006,6.9889
Binkohoba,Colombo,Colombo,Colombo Divisional Secretariat,79.8558871,6.923879449
Binkohoba,Colombo,Colombo,Thimbirigasyaya Divisional Secretariat,80.01667,6.86667
Binkohoba,Gampaha,Wattala Pradeshiya Sabha,Wattala Divisional Secretariat,79.8501491,7.09280272
Binkohoba,Colombo,Dehiwala-Mount Lavinia,Dehiwala Divisional Secretariat,80.01667,6.86667
Binkohoba,Colombo,Kaduwela Pradeshiya Sabha,kaduwela Divisional Secretariat,79.98429232,6.935757206
Binkohoba,Badulla,Ella Pradeshiya Sabha,Ella Divisional Secretariat,81.15699275,6.93540042
Beheth Anoda,Kandy,Kandy,Kandy Divisional Secretariat,80.625828,7.295044
Beheth Anoda,Gampaha,Gampaha,Gampaha Divisional Secretariat,80,7.13333
Beheth Anoda,Colombo,Colombo,Colombo Divisional Secretariat,80.01667,6.86667
Beheth Anoda,Galle,Bentota Pradeshiya Sabha,Benthota Divisional Secretariat,80.223192,6.043279
Beheth Anoda,Colombo,Moratuwa,Moratuwa Divisional Secretariat,79.88299325,6.809873957
Beheth Anoda,Colombo,Kaduwela Pradeshiya Sabha,kaduwela Divisional Secretariat,79.913892,6.897711
Beheth Anoda,Colombo,Kotikawatta Mulleriyawa Pradeshiya Sabha,Kolonnawa Divisional Secretariat,79.90606033,6.929658025
Beheth Anoda,Colombo,Colombo,Colombo Divisional Secretariat,80.01667,6.86667
Beheth Anoda,Matara,Akuressa Pradeshiya Sabha,Akuressa Divisional Secretariat,80.47750966,6.100507064
Beheth Anoda,Gampaha,Negombo,Negombo Divisional Secretariat,79.84789,7.252517
Beheth Anoda,Ratnapura,Ratnapura,Ratnapura Divisional Secretariat,80.4022975,6.680369112
Beheth Anoda,Colombo,Homagama Pradeshiya Sabha,Homagama Divisional Secretariat,79.9746984,6.812132751
Beheth Anoda,Colombo,Colombo,Colombo Divisional Secretariat,79.87536019,6.962896944
Beheth Anoda,Gampaha,Negombo,Negombo Divisional Secretariat,79.843249,7.206416
Beheth Anoda,Kurunegala,Alawwa Pradeshiya Sabha,Alawwa Divisional Secretariat,80.01667,6.86667
Beheth Anoda,Colombo,Colombo,Colombo Divisional Secretariat,80.01667,6.86667
Beheth Anoda,Gampaha,Gampaha,Ja-Ela Divisional Secretariat,80,7.13333
Beheth Anoda,Colombo,Colombo,Colombo Divisional Secretariat,79.84481997,6.934345537
Beheth Anoda,Colombo,Colombo,Colombo Divisional Secretariat,80.01667,6.86667
Beheth Anoda,Colombo,Colombo,Thimbirigasyaya Divisional Secretariat,79.85911757,6.87438447
Beheth Anoda,Colombo,Colombo,Colombo Divisional Secretariat,80.01667,6.86667
Beheth Anoda,Colombo,Colombo,Thimbirigasyaya Divisional Secretariat,80.01667,6.86667
Beheth Anoda,Colombo,Kaduwela Pradeshiya Sabha,kaduwela Divisional Secretariat,80.01667,6.86667
Beheth Anoda,Kandy,Kandy,Kandy Divisional Secretariat,80.625828,7.295044
Beheth Anoda,Galle,Bentota Pradeshiya Sabha,Galle Divisional Secretariat,79.99785433,6.421527648
Beheth Anoda,Kalutara,Aluthgama,Aluthgama,79.99889854,6.43264941
Beheth Anoda,Colombo,Dehiwala-Mount Lavinia,Moratuwa Divisional Secretariat,80.01667,6.86667
Beheth Anoda,Colombo,Colombo,Colombo Divisional Secretariat,79.86957173,6.877356536
Beheth Anoda,Colombo,Colombo,Colombo Divisional Secretariat,80.01667,6.86667
Beheth Anoda,Colombo,Colombo,Colombo Divisional Secretariat,80.01667,6.86667
Beheth Anoda,Colombo,Colombo,Colombo Divisional Secretariat,80.01667,6.86667
Beheth Anoda,Colombo,Dehiwala-Mount Lavinia,Dehiwala Divisional Secretariat,79.880242,6.838232
Beheth Anoda,Gampaha,Ja-Ela Pradeshiya Sabha,Ja-Ela Divisional Secretariat,79.92478064,7.123494813
Beheth Anoda,Colombo,Colombo,Colombo Divisional Secretariat,80.01667,6.86667
Beheth Anoda,Colombo,Moratuwa,Moratuwa Divisional Secretariat,79.888881,6.790527
Beheth Anoda,Colombo,Colombo,Colombo Divisional Secretariat,79.913892,6.897711
Beheth Anoda,Colombo,Colombo,Colombo Divisional Secretariat,80.01667,6.86667
Beheth Anoda,Colombo,Colombo,Colombo Divisional Secretariat,80.01667,6.86667
Beheth Anoda,Gampaha,Kelaniya Pradeshiya Sabha,Kelaniya Divisional Secretariat,79.914926,6.951178
Beheth Anoda,Colombo,Colombo,Colombo Divisional Secretariat,80.01667,6.86667
Beheth Anoda,Colombo,Colombo,Colombo Divisional Secretariat,80.01667,6.86667
Beheth Anoda,Colombo,Colombo,Colombo Divisional Secretariat,80.01667,6.86667
Beheth Anoda,Gampaha,Gampaha,Gampaha Divisional Secretariat,79.83311699,7.209428236
Beheth Anoda,Gampaha,Kelaniya Pradeshiya Sabha,Kelaniya Divisional Secretariat,79.914926,6.951178
Beheth Anoda,Colombo,Colombo,Colombo Divisional Secretariat,80.01667,6.86667
Beheth Anoda,Gampaha,Gampaha,Gampaha Divisional Secretariat,79.843249,7.206416
Beheth Anoda,Kurunegala,Kurunegala,Kurunegala Divisional Secretariat,80.366868,7.486218
Beheth Anoda,Colombo,Colombo,Colombo Divisional Secretariat,79.880242,6.838232
Beheth Anoda,Colombo,Colombo,Colombo Divisional Secretariat,80.01667,6.86667
Beheth Anoda,Colombo,Colombo,Colombo Divisional Secretariat,80.01667,6.86667
Beheth Anoda,Colombo,Colombo,Colombo Divisional Secretariat,80.01667,6.86667
Beheth Anoda,Colombo,Colombo,Colombo Divisional Secretariat,79.88719208,6.886982359
Beheth Anoda,Colombo,Dehiwala-Mount Lavinia,Dehiwala Divisional Secretariat,79.880242,6.838232
Beheth Anoda,Batticaloa,Batticaloa,Batticaloa Divisional Secretariat,81.72896753,7.680486121
Beheth Anoda,Kalutara,Kalutara Pradeshiya Sabha,Kalutara Divisional Secretariat,79.982049,6.460387
Beheth Anoda,Colombo,Colombo,Colombo West,79.86400388,6.926472029
Beheth Anoda,Gampaha,Kelaniya Pradeshiya Sabha,Kelaniya Divisional Secretariat,79.914926,6.951178
Beheth Anoda,Colombo,Colombo,Colombo Divisional Secretariat,80.01667,6.86667
Beheth Anoda,Ampara,Ampara,Samanthurai Divisional Secretariat,81.75,7.08333
Beheth Anoda,Colombo,Colombo,Colombo Divisional Secretariat,80.01667,6.86667
Beheth Anoda,Colombo,Colombo,Colombo Divisional Secretariat,80.01667,6.86667
Beheth Anoda,Colombo,Colombo,Colombo Divisional Secretariat,80.01667,6.86667
Beheth Anoda,Colombo,Colombo,Colombo Divisional Secretariat,80.01667,6.86667
Beheth Anoda,Colombo,Colombo,Mount Lavinia,79.866418,6.842919
Beheth Anoda,Jaffna,Chavakachcheri,Jaffna Divisional Secretariat,80.16667,9.66667
Beheth Anoda,Colombo,Dehiwala-Mount Lavinia,Dehiwala Divisional Secretariat,79.880242,6.838232
Beheth Anoda,Colombo,Colombo,Colombo Divisional Secretariat,80.01667,6.86667
Beheth Anoda,Colombo,Colombo,Colombo Divisional Secretariat,80.01667,6.86667
Beheth Anoda,Kalutara,Panadura Pradeshiya Sabha,Panadura Divisional Secretariat,79.910472,6.714417
Beheth Anoda,Colombo,Dehiwala-Mount Lavinia,Dehiwala Divisional Secretariat,79.880242,6.838232
Beheth Anoda,Matara,Weligama Pradeshiya Sabha,Weligama Divisional Secretariat,80.422128,5.974033
Beheth Anoda,Anuradhapura,Anuradhapura,Anuradhapura East,80.01667,8.161252739
Beheth Anoda,Badulla,Ella Pradeshiya Sabha,Ella Divisional Secretariat,81.15699275,6.93540042
Sadikka,Colombo,Colombo,Colombo Divisional Secretariat,80.01667,6.86667
Sadikka,Colombo,Colombo,Colombo Divisional Secretariat,80.01667,6.86667
Sadikka,Matale,Matale,Matale Divisional Secretariat,80.75,7.66667
Sadikka,Colombo,Colombo,Colombo Divisional Secretariat,80.01667,6.86667
Sadikka,Kurunegala,Wariyapola Pradeshiya Sabha,Wariyapola Divisional Secretariat,80.366868,7.486218
Sadikka,Anuradhapura,Anuradhapura,Anuradhapura East,80.5,8.33333
Sadikka,Jaffna,Jaffna,Jaffna Divisional Secretariat,80.00917182,9.664925571
Sadikka,Colombo,Colombo,Colombo Divisional Secretariat,80.01667,6.86667
Sadikka,Kegalle,Kegalle,Mawanella Divisional Secretariat,80.4889756,7.255931871
Sadikka,Kegalle,Kegalle,Kegalle Divisional Secretariat,80.34513535,7.25319971
Sadikka,Colombo,Sri Jayawardenapura-Kotte,Sri jayawadanapura,79.89621755,6.909504175
Sadikka,Colombo,Colombo,Colombo Divisional Secretariat,80.01667,6.86667
Sadikka,Kalutara,Beruwala Pradeshiya Sabha,Beruwala Divisional Secretariat,79.99889854,6.43264941
Sadikka,Galle,Hikkaduwa,Hikkaduwa Divisional Secretariat,80.223192,6.043279
Sadikka,Colombo,Colombo,Colombo Divisional Secretariat,80.01667,6.86667
Sadikka,Gampaha,Gampaha,Gampaha Divisional Secretariat,79.843249,7.206416
Sadikka,Colombo,Dehiwala-Mount Lavinia,Dehiwala Divisional Secretariat,79.880242,6.838232
Sadikka,Puttalam,Wennappuwa Pradeshiya Sabha,Puttalam Divisional Secretariat,79.84130787,7.342640734
Sadikka,Colombo,Colombo,Thimbirigasyaya Divisional Secretariat,80.01667,6.86667
Sadikka,Gampaha,Divulapitiya Pradeshiya Sabha,Divulapitiya Divisional Secretariat,80.05534513,7.281634948
Sadikka,Jaffna,Jaffna,Jaffna Divisional Secretariat,80.02902763,9.67349082
Sadikka,Badulla,Ella Pradeshiya Sabha,Ella Divisional Secretariat,81.15699275,6.93540042
Sadikka,Kurunegala,Kurunegala,Maspotha Divisional Secretariat,80.366868,7.486218
Sadikka,Colombo,Colombo,Colombo Divisional Secretariat,80.01667,6.86667
Sadikka,Galle,Hikkaduwa,Hikkaduwa Divisional Secretariat,80.108277,6.135434
Sadikka,Kalutara,Kalutara,Kalutara Divisional Secretariat,79.910472,6.714417
Sadikka,Kandy,Kandy,Kandy Divisional Secretariat,80.625828,7.295044
Sadikka,Kandy,Kandy,Harispattuwa Divisional Secretariat,80.60709522,7.290725134
Sadikka,Galle,Galle,Galle Divisional Secretariat,80.21855017,6.03470033
Sadikka,Colombo,Colombo,Colombo Divisional Secretariat,80.01667,6.86667
Sadikka,Colombo,Colombo,Colombo Divisional Secretariat,80.01667,6.86667
Sadikka,Colombo,Colombo,Colombo Divisional Secretariat,80.01667,6.86667
Sadikka,Colombo,Dehiwala-Mount Lavinia,Ratmalana Divisional Secretariat,79.866418,6.842919
Sadikka,Colombo,Colombo,Colombo Divisional Secretariat,79.86400388,6.926472029
Sadikka,Ampara,Ampara,Samanthurai Divisional Secretariat,81.81296644,7.4343584
Sadikka,Colombo,Colombo,Thimbirigasyaya Divisional Secretariat,80.01667,6.86667
Sadikka,Colombo,Dehiwala-Mount Lavinia,Dehiwala Divisional Secretariat,79.880242,6.838232
Sadikka,Colombo,Colombo,Colombo Divisional Secretariat,79.90204817,6.884074428
Sadikka,Colombo,Colombo,Colombo Divisional Secretariat,80.01667,6.86667
Sadikka,Colombo,Colombo,Colombo Divisional Secretariat,80.01667,6.86667
Sadikka,Colombo,Colombo,Colombo Divisional Secretariat,80.01667,6.86667
Sadikka,Colombo,Colombo,Colombo Divisional Secretariat,79.880242,6.838232
Sadikka,Colombo,Colombo,Colombo Divisional Secretariat,80.01667,6.86667
Sadikka,Colombo,Colombo,Colombo Divisional Secretariat,80.01667,6.86667
Sadikka,Colombo,Colombo,Colombo Divisional Secretariat,80.01667,6.86667
Sadikka,Colombo,Colombo,Colombo Divisional Secretariat,80.01667,6.86667
Sadikka,Colombo,Sri Jayawardenapura-Kotte,Sri jayawadanapura,79.90204817,6.884074428
Sadikka,Colombo,Colombo,Colombo Divisional Secretariat,79.953354,6.906147
Sadikka,Kalutara,Bandaragama Pradeshiya Sabha,Bandaragama Divisional Secretariat,80.06194873,6.71662803
Sadikka,Colombo,Colombo,Colombo Divisional Secretariat,80.01667,6.86667
Sadikka,Colombo,Colombo,Colombo Divisional Secretariat,80.01667,6.86667
Sadikka,Colombo,Colombo,Colombo Divisional Secretariat,80.01667,6.86667
Sadikka,Colombo,Colombo,Colombo Divisional Secretariat,80.01667,6.86667
Sadikka,Colombo,Kotte Muncipal Council,Colombo Divisional Secretariat,79.88719208,6.886982359
Sadikka,Colombo,Colombo,Colombo Divisional Secretariat,80.01667,6.86667
Sadikka,Gampaha,Negombo,Negombo Divisional Secretariat,79.843249,7.206416
Sadikka,Gampaha,Katana Pradeshiya Sabha,Katana Divisional Secretariat,80,7.13333
Sadikka,Gampaha,Gampaha,Ja-Ela Divisional Secretariat,79.894797,7.053406
Sadikka,Colombo,Kotte Muncipal Council,Kotte Divisional Secretariat,79.893438,6.877014
Sadikka,Colombo,Colombo,Colombo Divisional Secretariat,80.01667,6.86667
Sadikka,Colombo,Colombo,Colombo Divisional Secretariat,80.01667,6.86667
Sadikka,Colombo,Colombo,Colombo Divisional Secretariat,80.01667,6.86667
Sadikka,Colombo,Colombo,Thimbirigasyaya Divisional Secretariat,80.01667,6.86667
